Date,Close,High,Low,Open,Volume
2020-10-01,113.60371398925781,114.50834184995564,112.66990578164197,114.430522644009,116120400
2020-10-02,109.93656921386719,112.2224621206602,109.1583993790266,109.81011856378328,144712000
2020-10-05,113.32160186767578,113.46751099381477,110.45208787901002,110.80226681324505,106243800
2020-10-06,110.07276153564453,112.95200563980481,109.18758468115253,112.54345848013615,161498200
2020-10-07,111.94036102294922,112.39753955518432,111.01627470298001,111.49291174621311,96849000
2020-10-08,111.8333511352539,113.22433769308867,111.46371367294667,113.07842855908564,83477200
2020-10-09,113.77880096435547,113.80798131062522,111.78472652844798,112.13490552618049,100506900
2020-10-12,121.00608825683594,121.76480690611335,116.02577075981998,116.78448940909738,240226800
2020-10-13,117.79612731933594,121.96908768608209,116.38568943923732,121.85235887523848,262330500
2020-10-14,117.88367462158203,119.67347184273211,116.35650794568298,117.69885586154554,150712000
2020-10-15,117.41676330566406,117.89339294386203,114.92660814304054,115.48105698538242,112559200
2020-10-16,115.7728500366211,118.23383189518665,115.56858022314269,117.97119397696682,115393800
2020-10-19,112.81580352783203,117.1346651236104,112.50453415677372,116.68721586654202,120639300
2020-10-20,114.30406188964844,115.73395813213436,112.4753478178989,113.0297966240417,124423700
2020-10-21,113.6815185546875,115.47131553347286,113.2729714867065,113.48697056487583,89946000
2020-10-22,112.59208679199219,114.81961147307034,111.4637305673421,114.24570410467129,101988000
2020-10-23,111.90145874023438,113.37026472424279,111.16219112016253,113.2146263110706,82572600
2020-10-26,111.91117858886719,113.37025519408711,109.80037545983436,110.89955125203169,111850700
2020-10-27,113.41888427734375,114.08033262151682,111.41508815584027,112.33916701816054,92276800
2020-10-28,108.16620635986328,112.28080553761286,108.06893607313397,111.91117547954262,143937800
2020-10-29,112.1738052368164,113.73988133267714,109.13892333116605,109.30429098085882,146129200
2020-10-30,105.89006042480469,108.93466447069503,104.78116272521534,108.03003661879342,190272600
2020-11-02,105.8025131225586,107.6604077052679,104.39207526396882,106.1332410376146,122866900
2020-11-03,107.42694854736328,108.44829771179337,105.76360211850799,106.66822990485883,107624400
2020-11-04,111.81393432617188,112.43647327025869,109.28486893816302,111.02603509846035,138235500
2020-11-05,115.78258514404297,116.3564924386585,113.68151879830341,114.73204826054969,126387100
2020-11-06,115.65106201171875,116.14799861229584,113.15660323122867,115.2905328204704,114457900
2020-11-09,113.34172821044922,118.86655105350619,113.07864459442057,117.41470327709126,154515300
2020-11-10,113.00068664550781,114.57920314699663,111.20779443592696,112.5914421772737,138023400
2020-11-11,116.4305648803711,116.56697971266742,113.45866182357159,114.18945875403799,112295000
2020-11-12,116.1577377319336,117.44394006005354,115.5341249324846,116.55724363092018,103162300
2020-11-13,116.20646667480469,116.60596516096147,114.85205685711352,116.38185824859463,81581900
2020-11-16,117.2198486328125,117.89217685699917,115.12489562341473,115.87517731633525,91183000
2020-11-17,116.33313751220703,117.5803631991879,115.91414693604456,116.48904444010537,74271000
2020-11-18,115.00794982910156,116.75211942679815,114.97871914080206,115.57310124972858,76322100
2020-11-19,115.60233306884766,116.01157757714591,113.81918672462538,114.579214364051,74113000
2020-11-20,114.3355941772461,115.72898040247746,114.28687884998813,115.60231163074721,73604300
2020-11-23,110.93498229980469,114.60845935593927,110.83754418732941,114.17972274018632,127959300
2020-11-24,112.22118377685547,112.88377334383199,109.70724035208704,110.99345018861624,113874200
2020-11-25,113.05914306640625,113.76070922925952,112.22116208678149,112.59143724720404,76499200
2020-11-27,113.60482788085938,114.4817857816356,113.24430611291088,113.58534323153174,46691300
2020-11-30,116.00183868408203,117.87267708944432,113.81918644377502,113.97509336124737,169410200
2020-12-01,119.57787322998047,120.30867019893745,116.93726107423544,117.91165703284473,127728200
2020-12-02,119.92864990234375,120.21122560718797,117.79472048917064,118.89578518676296,89004200
2020-12-03,119.79225158691406,120.61074069251367,119.08093920643189,120.35739564047255,78967600
2020-12-04,119.11991882324219,119.71430101700255,118.40860642554382,119.46095595882962,78260400
2020-12-07,120.58149719238281,121.38050156328545,119.1199032870206,119.17836466433876,86712000
2020-12-08,121.19535064697266,121.77999409215413,119.93837913431284,121.18561204118978,82225500
2020-12-09,118.66194915771484,122.72517888074941,117.90192143214601,121.34153828117272,115089200
2020-12-10,120.08455657958984,120.69843079499793,117.07367661772612,117.41471371847992,81312200
2020-12-11,119.27581024169922,119.61684733291102,117.46343320377245,119.29529488946088,86939800
2020-12-14,118.66194915771484,120.19175065083598,118.42809618847487,119.46095361716566,79184500
2020-12-15,124.60576629638672,124.62525838078408,120.95178104734528,121.15640332920535,157243700
2020-12-16,124.53754425048828,125.0832036047306,123.31954931044656,124.14779181691584,98208600
2020-12-17,125.40476989746094,126.26224318770603,124.76166492977711,125.59964613576102,94359800
2020-12-18,123.41699981689453,125.79452841437983,122.8908250895469,125.65811357033245,192541500
2020-12-21,124.94676971435547,125.02472316280411,120.28915896327408,121.81896007734119,121251600
2020-12-22,128.50335693359375,130.9685777717825,126.33044301842824,128.24026583476893,168904800
2020-12-23,127.60694885253906,129.03929776701156,127.43154978318843,128.7762214651475,88223700
2020-12-24,128.591064453125,130.04292010694545,127.74334453834628,127.9577128863763,54930100
2020-12-28,133.19017028808594,133.82352163941158,130.09158377292042,130.5593044830477,124486200
2020-12-29,131.4167938232422,135.23642465149393,130.90036509315357,134.51538107187807,121047300
2020-12-30,130.29624938964844,132.50813272871576,129.98443549687033,132.1086267541331,96452100
2020-12-31,129.2926025390625,131.2901172342019,128.34743726674927,130.6470123311244,99116600
2021-01-04,126.09656524658203,130.18902467191572,123.51441486519408,130.10133261742502,143301900
2021-01-05,127.65559387207031,128.3669135415631,125.14165081624391,125.58987944540236,97664900
2021-01-06,123.3585205078125,127.69458676031306,123.1441522185317,124.4498466014008,155088000
2021-01-07,127.5678939819336,128.25972152904515,124.5862452682212,125.07344315917028,109578200
2021-01-08,128.6689910888672,129.23414253685505,126.89558328296363,129.0392514479538,105158200
2021-01-11,125.6775894165039,126.8371230123308,125.20988350887804,125.88221911439801,100384500
2021-01-12,125.50218963623047,126.3694013561782,123.61185929052172,125.20986790485577,91951100
2021-01-13,127.53871154785156,128.08437101325023,125.20016673382712,125.46324298943377,88636800
2021-01-14,125.60939025878906,127.6458743033761,125.46322193987007,127.45099807958694,90221800
2021-01-15,123.88470458984375,126.88584599937765,123.74828974705143,125.48271340602645,111598500
2021-01-19,124.55703735351562,125.4145105561259,123.68982554382202,124.50831458189415,90757300
2021-01-20,128.64952087402344,129.09774963934194,125.25862647781936,125.36581064769301,104319500
2021-01-21,133.36557006835938,136.0938817254987,130.1695525142569,130.3741822074859,120150900
2021-01-22,135.50926208496094,136.26928979361904,131.56295521732648,132.79068885405798,114459400
2021-01-25,139.26065063476562,141.3750878076961,133.04400046392547,139.40681893054085,157611700
2021-01-26,139.49452209472656,140.60533283780688,137.7503450890547,139.92325867417892,98390600
2021-01-27,138.42269897460938,140.605351455325,136.8149514568833,139.75761679075893,140843800
2021-01-28,133.57994079589844,138.35448999967483,133.19992695994156,135.9477307492471,142621100
2021-01-29,128.581298828125,133.2389103783543,126.8761058794983,132.3522064767238,177523800
2021-02-01,130.70545959472656,131.91371580928939,127.57764235343213,130.32544580541983,106239800
2021-02-02,131.53369140625,132.81988610161744,131.16341625287015,132.2547347662849,83305400
2021-02-03,130.5105743408203,132.29372041863363,130.18902194631957,132.283966945161,89880900
2021-02-04,133.8722686767578,133.8820072844467,131.14395684543172,132.8101805826387,84183100
2021-02-05,133.45751953125,134.1015854508509,132.57925865202728,134.033283551068,75693800
2021-02-08,133.60391235351562,133.65270793576502,131.6619613464302,132.74515775495385,71297200
2021-02-09,132.72561645507812,134.55046970081816,132.56949146196018,133.32088673165194,76774200
2021-02-10,132.12060546875,133.6819746696006,131.15450660056266,133.18428060554035,73046600
2021-02-11,131.86685180664062,133.09641965172585,130.53969283038145,132.61824693347916,64280000
2021-02-12,132.1011199951172,132.25725993550554,130.46169529201237,131.10576137837108,60145100
2021-02-16,129.97372436523438,132.72561913740805,129.58337464875356,132.21818684146174,80576300
2021-02-17,127.68046569824219,129.02714615555675,126.34355329024206,128.0805685718384,97918500
2021-02-18,126.57777404785156,126.86076458634167,124.33331138864452,126.08007998005397,96856700
2021-02-19,126.7339096069336,127.55363670145083,125.6897555852295,127.09498501546292,87668800
2021-02-22,122.95736694335938,126.58753801577001,122.56702460688798,124.91882434122574,103916400
2021-02-23,122.82073974609375,123.65021250049017,115.53112373320839,120.77145192783192,158273000
2021-02-24,122.32304382324219,122.52797184498519,119.2783904200208,121.92294838417055,111039900
2021-02-25,118.06832885742188,123.40624037390658,117.62919844492515,121.66922504247013,148199500
2021-02-26,118.3318099975586,121.83511493787971,118.27325381762451,119.62968743773787,164560400
2021-03-01,124.70413208007812,124.84075076896436,119.82487191939815,120.76168897682948,116307900
2021-03-02,122.0986099243164,125.61167577926304,121.99126560430425,125.30916402931615,102260900
2021-03-03,119.11247253417969,122.67433321906347,118.8977839393687,121.79606507899972,112966300
2021-03-04,117.2291030883789,120.61531086428089,115.75557186593713,118.80998607618001,178155000
2021-03-05,118.48796081542969,118.99540807937608,114.73093169979428,118.05859095189125,153766600
2021-03-08,113.55012512207031,118.0780772404724,113.40374585133544,118.00976790681733,154376600
2021-03-09,118.16590881347656,119.11248639429279,115.92145380009946,116.1556561829824,129525800
2021-03-10,117.0827407836914,119.21985186652402,116.56553290549272,118.7514470176131,111943300
2021-03-11,119.01490783691406,120.23472282472085,118.33181442180619,119.58090377809478,103026500
2021-03-12,118.10737609863281,118.24399479427487,116.28253747320228,117.49259196824357,88105100
2021-03-15,120.99589538574219,121.00565599103153,117.51210381348422,118.47820271779908,92403800
2021-03-16,122.53772735595703,124.14788454004912,121.70825469904881,122.66458542743165,115227900
2021-03-17,121.7472915649414,122.82072722265787,119.38572418377375,121.05443757273207,111932600
2021-03-18,117.61944580078125,120.20545520924264,117.41451776473627,119.91269661765824,121229700
2021-03-19,117.09246826171875,118.49769739055492,116.78995655293399,117.00464516374609,185549500
2021-03-22,120.41036987304688,120.8787820785301,117.35595599145238,117.42426532921458,111912300
2021-03-23,119.58089447021484,121.23983974643996,119.19055221546797,120.35181837592111,95467100
2021-03-24,117.1900634765625,119.93221266793454,117.17054971237121,119.85414272084951,88530500
2021-03-25,117.67800903320312,118.72217799736987,116.12640766414113,116.6533687267927,98844700
2021-03-26,118.28300476074219,118.54648893602595,116.04830307573802,117.44377155344249,94071200
2021-03-29,118.45869445800781,119.61996092410557,117.81463589654503,118.71241810714707,80819200
2021-03-30,117.00465393066406,117.49257992082933,115.98976697770112,117.2095819531143,85671900
2021-03-31,119.20032501220703,120.53723750663126,118.22447299809998,118.7123990051535,118323800
2021-04-01,120.02978515625,121.1812907100269,119.5320985965673,120.67385099174045,75089100
2021-04-05,122.85977172851562,123.11349534026344,120.09810870436394,120.87879330428332,88651200
2021-04-06,123.16230010986328,124.06008230942047,122.61582528320433,123.44529812942913,80171300
2021-04-07,124.81146240234375,124.83097616492763,122.11810901104752,122.79144922016141,83466700
2021-04-08,127.21209716796875,127.24137154361286,125.41653264028753,125.83614195140206,88844600
2021-04-09,129.78831481933594,129.82734234724018,126.34355848189794,126.66559142580684,106686700
2021-04-12,128.07083129882812,129.64195373047176,127.4755609392533,129.31992075985053,91420000
2021-04-13,131.18377685546875,131.4082335358879,128.7441468621112,129.2418409105608,91266500
2021-04-14,128.84176635742188,131.7400486182492,128.48070580389006,131.68149986798167,87222800
2021-04-15,131.2521209716797,131.74004707194615,130.41288748360844,130.58854862267228,89347100
2021-04-16,130.92031860351562,131.41799780371278,130.06156400836352,131.05693729907884,84922400
2021-04-19,131.58387756347656,132.1986690764981,130.12009959176393,130.2859926417197,94264200
2021-04-20,129.89564514160156,132.25720491889302,128.6270347117328,131.7595258175455,94812300
2021-04-21,130.2762451171875,130.52020812302493,128.12937364388216,129.16377440618163,68847100
2021-04-22,128.75392150878906,130.91054619483594,128.2367211149233,129.8273498266732,84566500
2021-04-23,131.07644653320312,131.85711621347775,128.9686026596944,128.9686026596944,78657500
2021-04-26,131.46678161621094,131.79856771997257,130.33478973127393,131.57412593099494,66905100
2021-04-27,131.14476013183594,132.1401334204204,130.87152274129448,131.7497836551319,66015800
2021-04-28,130.35430908203125,131.7595383135996,129.86638309275443,131.06667685708592,107760100
2021-04-29,130.2567138671875,133.76003367761894,129.25158755183847,133.17451655261294,151101000
2021-04-30,128.28553771972656,130.33481842080408,127.9049559545034,128.59780268308566,109839500
2021-05-03,129.33941650390625,130.83248375117557,128.64656992797262,128.85149050777056,75135100
2021-05-04,124.76268005371094,128.31478827842903,123.64044873461123,128.02202969252124,137564700
2021-05-05,125.00665283203125,127.29989620196363,124.87978730136861,126.08008114657817,84000900
2021-05-06,126.60704040527344,126.61679356449366,124.06005871360824,124.80170829812977,78128300
2021-05-07,127.2815170288086,128.30789005898956,126.56792436314103,127.90712250466862,78973300
2021-05-10,123.99708557128906,126.62658120316634,123.95798429414883,126.49951510362119,88071200
2021-05-11,123.07823181152344,123.43012839060427,120.00884494360865,120.72243020113098,126142800
2021-05-12,120.00883483886719,121.83678024001635,119.50053319383292,120.62467058046893,112172300
2021-05-13,122.15937805175781,123.31283969833798,121.4653471184995,121.77814989768362,105861300
2021-05-14,124.58358764648438,125.013694229742,123.01957387710111,123.4105791838984,81918000
2021-05-17,123.43013000488281,124.07528990021518,122.35487097046837,123.96776325099312,74244600
2021-05-18,122.04206085205078,124.13393060717105,121.97363548465174,123.71360121948956,63342900
2021-05-19,121.88566589355469,122.11048890947326,120.09682166067931,120.39007750331018,92612000
2021-05-20,124.44674682617188,124.84752934847808,122.28645146975369,122.41353249282957,76857100
2021-05-21,122.6090316772461,125.12123109705438,122.39397836804899,124.94527906751188,79295400
2021-05-24,124.24147033691406,125.06258229000034,123.10756306374581,123.17598843835246,63092900
2021-05-25,124.04597473144531,125.43404408732667,123.47901735071959,124.94528180981987,72009500
2021-05-26,123.99708557128906,124.52494162597304,123.57675616428918,124.10461221897317,56575900
2021-05-27,122.46238708496094,124.76931006613658,122.26688817108727,123.5963016672836,94625600
2021-05-28,121.80747985839844,122.97071874535015,121.74883166504185,122.74588824113839,71311100
2021-06-01,121.48490142822266,122.53083648398967,121.15255171788874,122.26691215271315,67637100
2021-06-02,122.24735260009766,122.42330463275813,121.26007323809793,121.4848962778378,59278900
2021-06-03,120.76152038574219,122.04205540035305,120.3607379247326,121.87588058092217,76229200
2021-06-04,123.0586929321289,123.32262472191542,121.06457229139289,121.27962561409095,75169300
2021-06-07,123.0684585571289,123.47901079400312,122.02252359682196,123.33238286431767,71057600
2021-06-08,123.88957214355469,125.57089740877028,123.37149321732436,123.75272138786391,74403800
2021-06-09,124.27079772949219,124.87685639052275,123.67451625303815,124.34900029049098,56877900
2021-06-10,123.27372741699219,125.30694902913476,123.10755258677628,124.1632572111759,71186400
2021-06-11,124.48583984375,124.57381958141005,123.26395290484824,123.68428231014268,53522400
2021-06-14,127.54544067382812,127.60408885976287,124.2121370186317,124.94526917403981,96906500
2021-06-15,126.72434997558594,127.66276579909551,126.47997256396104,127.01760585265852,62746300
2021-06-16,127.22289276123047,127.94625537294455,125.5709137509743,127.43794610753423,91815000
2021-06-17,128.82598876953125,129.56890564121335,126.73411873855628,126.8807541337841,96721700
2021-06-18,127.52589416503906,128.55226719332194,127.31084088477134,127.77027153665138,108953300
2021-06-21,129.3245086669922,129.43203530764706,126.304007918975,127.36948968462076,79663300
2021-06-22,130.96673583984375,131.06449276893142,128.65981252013916,129.15835197662773,74783600
2021-06-23,130.69305419921875,131.2991204035654,130.2336234107885,130.76148704310285,60214200
2021-06-24,130.40956115722656,131.6118938058328,129.9403458033597,131.42616459271213,68711000
2021-06-25,130.1162872314453,130.87874343114333,129.82303140488202,130.45842151503766,70783700
2021-06-28,131.74871826171875,132.20814888176557,130.35088695244318,130.40953513106874,62111300
2021-06-29,133.26390075683594,133.42030589042128,131.32843570446462,131.76831209151067,64556100
2021-06-30,133.87969970703125,134.31957597270352,132.81420307964328,133.1074588952949,63261400
2021-07-01,134.18275451660156,134.24140270940268,132.70670539157666,133.52782483763312,52485800
2021-07-02,136.81224060058594,136.85133441897935,134.65193797296,134.79855843644995,78852600
2021-07-06,138.82591247558594,139.9304881404482,136.91977180863466,136.91977180863466,108181800
2021-07-07,141.31854248046875,141.6313377353685,139.4514959287153,140.31169406639702,104911600
2021-07-08,140.01846313476562,140.8200131513889,137.50625661436462,138.39579381995796,105575500
2021-07-09,141.84640502929688,142.3742535997312,139.44172508137947,139.53948199823574,99890800
2021-07-12,141.25013732910156,143.02921196222175,140.76138252865485,142.92168530949897,76299700
2021-07-13,142.364501953125,144.1435766396761,140.39971296594135,140.79071085179643,100827100
2021-07-14,145.79556274414062,146.20612993530744,144.35862232189876,144.76918951306558,127050800
2021-07-15,145.140625,146.62644380694877,143.7818872173468,145.88354186128097,106820300
2021-07-16,143.09759521484375,146.3917969988858,142.59907080876903,145.12104675803545,93251400
2021-07-19,139.24623107910156,140.82980667753233,138.48377483066196,140.5169964650382,121434600
2021-07-20,142.86300659179688,143.79165254365046,139.7447638348333,140.2335185818673,96350000
2021-07-21,142.1299285888672,142.8435215304857,141.3772567310863,142.2570096444792,74993500
2021-07-22,143.49839782714844,144.86690516323114,142.5306580508827,142.6577390590944,77338200
2021-07-23,145.2188262939453,145.37523141238975,143.6157111189225,144.2315469505393,71447400
2021-07-26,145.63916015625,146.46026463758602,144.37816442398642,144.9353520535012,72434100
2021-07-27,143.46908569335938,145.85421146271116,142.27652280868347,145.76622426436333,104818600
2021-07-28,141.7193145751953,143.66456373234172,139.3341891527353,141.55313976010396,118931200
2021-07-29,142.364501953125,143.25403929640055,141.32834413155712,141.43587078750923,56699500
2021-07-30,142.57955932617188,143.038990058725,140.8689174245079,141.13284920856503,70440600
2021-08-02,142.24722290039062,143.64505468245218,141.9832910916965,143.06832751008895,62880000
2021-08-03,144.0458221435547,144.71052154385873,141.91484335749328,142.53067920795002,64786600
2021-08-04,143.64501953125,144.46612394001684,142.99008994933277,143.95782973398676,56368300
2021-08-05,143.75253295898438,144.51498911354923,142.882550171565,143.67433041548927,46397700
2021-08-06,143.0672607421875,144.0168667237269,142.56798937643336,143.2728518562968,54126800
2021-08-09,143.01834106445312,143.61551593971976,142.46033352347743,143.12602882681142,48908700
2021-08-10,142.5386199951172,144.60425572712768,142.24492480830875,143.36095456781464,69023100
2021-08-11,142.79318237304688,143.63510081183063,142.4701190832618,142.97918986758629,48493500
2021-08-12,145.7594757080078,145.91611517335826,142.7736012533468,143.11624821655573,72282600
2021-08-13,145.96505737304688,146.2979050117812,145.15250700463497,145.8377859484882,59375000
2021-08-16,147.94256591796875,148.01110127736936,143.3903421833443,145.4168108670683,103296000
2021-08-17,147.0321044921875,148.49076616255022,145.95522713866825,147.07125687869845,92229700
2021-08-18,143.28265380859375,147.5509815993363,143.07706266924538,146.65032719515608,86326000
2021-08-19,143.61553955078125,144.88820924116803,141.46179888749177,141.98065411743994,86960300
2021-08-20,145.07418823242188,145.3776678425582,143.69383103345265,144.33995758675238,60549600
2021-08-23,146.5622100830078,147.03211343952145,144.78047016020776,145.191637464402,60131800
2021-08-24,146.47409057617188,147.68802375922274,146.0139715839325,146.3076667825046,48606400
2021-08-25,145.24058532714844,147.1593809674563,144.69236226933418,146.6600946599799,58991300
2021-08-26,144.43785095214844,145.98463202414845,144.40848292036043,145.23083262430814,48597200
2021-08-27,145.47560119628906,145.62244138047882,143.74281233303097,144.3791397151383,55802400
2021-08-30,149.90049743652344,150.2627279823977,145.48532997591,145.86712924689024,90956700
2021-08-31,148.63763427734375,149.5872403166816,148.1089799162903,149.45018454491938,86453100
2021-09-01,149.3033447265625,151.72141211238971,149.1369209108447,149.61662363000326,80313700
2021-09-02,150.4193878173828,151.46689743705474,149.19567000260434,150.63476334782075,71115500
2021-09-03,151.0557098388672,151.37877309131167,149.87114457990415,150.5270554483364,57808700
2021-09-07,153.39547729492188,153.95348484848995,151.14383353713905,151.71164039348162,82278300
2021-09-08,151.84866333007812,153.73807604944514,150.74241788918883,153.67933999735516,74420200
2021-09-09,150.83055114746094,152.82765179688866,150.7130640942289,152.2206926173688,57305700
2021-09-10,145.83778381347656,152.21090030495253,145.57345660401688,151.74099688432676,140893200
2021-09-13,146.4055938720703,148.23627083685082,145.62241152835927,147.46288779538614,102404300
2021-09-14,145.00563049316406,147.8936158708618,143.8210802661935,147.18875336474773,109296300
2021-09-15,145.89651489257812,146.2978978750979,143.29244009500678,145.43639585173057,83281300
2021-09-16,145.66156005859375,145.83778317678434,144.12457838073104,145.3189280621593,68034100
2021-09-17,142.9889678955078,145.69094622198233,142.69527265072225,145.69094622198233,129868800
2021-09-20,139.93455505371094,141.79459979953563,138.29967015990616,140.7764733460014,123478900
2021-09-21,140.41429138183594,141.55970457818128,139.77796399538977,140.9037785830911,75834000
2021-09-22,142.7833709716797,143.35116277449677,140.67856780429392,141.412798340786,76404300
2021-09-23,143.74273681640625,143.9874802867867,142.5777555073223,143.5665137499952,64838200
2021-09-24,143.83087158203125,144.36931031939181,142.4994662214484,142.59736960568088,53477900
2021-09-27,142.31346130371094,142.8910673802959,140.7960633866369,142.41136468969736,74150700
2021-09-28,138.92620849609375,141.70649116246142,138.7108330139708,140.23803011414577,108972300
2021-09-29,139.82687377929688,141.41280705571026,139.04369150451467,139.47444250254287,74602000
2021-09-30,138.52481079101562,141.34426048337465,138.30943533185172,140.6393980602849,89056700
2021-10-01,139.6506805419922,139.91500779058484,136.18511802762384,138.91644980320578,94639600
2021-10-04,136.21446228027344,139.219920083201,135.36275955212915,138.77936976647533,98322000
2021-10-05,138.14305114746094,139.2492967831214,136.42984628272845,136.55711770997038,80861100
2021-10-06,139.0143280029297,139.16116814887556,135.46064709144002,136.53752462157624,83221100
2021-10-07,140.27719116210938,141.18764483600611,139.71918369704164,140.05203130343006,61732700
2021-10-08,139.89540100097656,141.14848672637,139.5625533728477,141.00164657806616,58773200
2021-10-11,139.80728149414062,141.76522959139172,138.8283074455151,139.27864208058458,64452200
2021-10-12,138.5346221923828,140.23804253698972,138.07450316144806,140.2184588719824,73035900
2021-10-13,137.94725036621094,138.4269381369984,136.2731980054475,138.27031362663757,78762700
2021-10-14,140.73731994628906,140.85480700337075,138.53462808500012,139.12201855652793,69907100
2021-10-15,141.7946319580078,141.85336802507683,140.49259436544995,140.7471372400319,67940300
2021-10-18,143.4686279296875,143.75252378778313,140.14990700858613,140.43380286668176,85589200
2021-10-19,145.63218688964844,146.03356986995644,143.4686624173773,143.91898215404882,76378900
2021-10-20,146.1217041015625,146.6014069041576,145.0056739553699,145.5734808631469,58418800
2021-10-21,146.3370361328125,146.4936755651962,144.76088732210272,145.68112531490897,61421000
2021-10-22,145.56365966796875,147.02232150012944,145.51470797593214,146.5426337568644,58883400
2021-10-25,145.5146942138672,146.22934104854468,144.51613655500375,145.55384660101817,50720600
2021-10-26,146.180419921875,147.6684497999659,145.87692540269924,146.190204285219,60893400
2021-10-27,145.72030639648438,146.58179347999342,145.36787510933436,146.21957782913032,56094900
2021-10-28,149.362060546875,149.9494359455481,146.57197885481827,146.6698822235755,100077900
2021-10-29,146.65032958984375,146.78738537232746,143.33160784302547,144.12457450867834,124953200
2021-11-01,145.82801818847656,146.55244960962315,144.69240441623955,145.85738622241698,74588300
2021-11-02,146.86570739746094,148.3831203302802,145.5245026428988,145.53430194477542,69122000
2021-11-03,148.30477905273438,148.77468239775834,146.66989423866602,147.22790166001485,54511500
2021-11-04,147.78594970703125,149.22502801768104,147.47267079725674,148.39290892226862,60394600
2021-11-05,148.31533813476562,149.21730693838492,147.11924549176268,148.9133844562671,65463900
2021-11-08,147.4918212890625,148.5996814029073,147.2173096615232,148.44281334152436,55020900
2021-11-09,147.8545684814453,148.46241353148417,147.1192662590711,147.2565220755238,56787900
2021-11-10,145.0211944580078,147.18789143862284,144.9525740344218,147.080046521764,65187100
2021-11-11,144.97216796875,146.50159405628088,144.7858890294142,146.0408184691879,41000000
2021-11-12,147.05062866210938,147.45258246065882,144.5898079376244,145.5211876519379,63804000
2021-11-15,147.06040954589844,148.9035714659964,146.50157280893995,147.42315376898895,59222800
2021-11-16,148.04083251953125,148.52123530858523,146.41336017433824,147.0016078768631,59256200
2021-11-17,150.48207092285156,151.96247415653912,148.03106327516545,148.04086192024133,88807000
2021-11-18,154.77621459960938,155.56053998029552,150.05067998656534,150.6977495476136,137827700
2021-11-19,157.4036865234375,157.86447707717755,153.46246272837266,154.56050917485408,117305600
2021-11-22,157.86451721191406,162.45279670958055,157.84490496045197,158.51157191251716,117467900
2021-11-23,158.24684143066406,158.62919797716998,155.9428885480248,157.96251620186436,96041900
2021-11-24,158.7664337158203,158.9625112862029,156.51150425702141,157.5997519763684,69463600
2021-11-26,153.7369842529297,157.30565039386215,153.2958059172185,156.44290597018036,76959800
2021-11-29,157.0997772216797,158.03115705077292,155.67818094806347,156.24681646555752,88748200
2021-11-30,162.06060791015625,162.27629775232137,156.7860353404558,156.85467072649087,174048100
2021-12-01,161.541015625,166.9626433245141,161.3057135061921,164.19789952763372,152052500
2021-12-02,160.55076599121094,160.98214564054786,154.70757335862984,155.62915443498412,136739200
2021-12-03,158.66839599609375,161.72726310588908,156.5899467105327,160.80568201972204,118023100
2021-12-06,162.0802001953125,164.59002900255814,161.06057289251913,161.07037153513377,107497000
2021-12-07,167.8253631591797,168.21753329951792,165.0410224817036,165.76652602150847,120405400
2021-12-08,171.64894104003906,172.51170037671412,167.3547715631022,168.75675548519916,116998900
2021-12-09,171.13917541503906,173.2862607565898,170.51171798296733,171.48232250935425,108923700
2021-12-10,175.93331909179688,176.10979941461878,171.26660609827198,171.77641985782503,115402700
2021-12-13,172.29600524902344,178.5607789713786,172.09011406463858,177.57056250136455,153237000
2021-12-14,170.9136505126953,174.25682821034476,168.83520101609776,171.81561944442183,139380400
2021-12-15,175.7862548828125,175.9823324841572,168.93323276156414,171.6783640596761,131063300
2021-12-16,168.8842010498047,177.59018373746022,167.40379803106163,175.76663371395836,150185800
2021-12-17,167.78614807128906,170.07048857395336,166.36456688905028,166.59985400570397,195432700
2021-12-20,166.4234161376953,167.23715245654458,164.17829975707315,164.98222247126822,107499100
2021-12-21,169.5999298095703,169.8058060735795,165.8057598154323,168.1979456623426,91185900
2021-12-22,172.19796752929688,172.4136573675495,168.77635596770887,169.64891396436306,92135300
2021-12-23,172.825439453125,173.38427634319635,171.83523780972868,172.40387334427473,68356600
2021-12-27,176.7960662841797,176.8842989595941,173.5999580433746,173.61955533140323,74919600
2021-12-28,175.77639770507812,177.77642763838105,175.03129702076905,176.62935824711542,79144300
2021-12-29,175.8646697998047,177.0901733747063,174.64896486798852,175.81564666485653,62348900
2021-12-30,174.70777893066406,177.0313437787025,174.5999340224449,175.95289469651084,59773000
2021-12-31,174.0901641845703,175.71762176050464,173.7862266948401,174.5999629626884,64062300
2022-01-03,178.44313049316406,179.2960912081591,174.22740989529922,174.34505345884557,104487900
2022-01-04,176.17840576171875,179.35491668068815,175.60977025994117,179.05099416209845,99310400
2022-01-05,171.49208068847656,176.639196130045,171.21756906170717,176.09017287650624,94537600
2022-01-06,168.62928771972656,171.86462006909193,168.27634210052742,169.3155667126804,96904000
2022-01-07,168.79595947265625,170.72735431349597,167.6783008049415,169.50185073224034,86709100
2022-01-10,168.8155975341797,169.11952007524562,164.8743732254317,165.76654355936012,106765600
2022-01-11,171.64894104003906,171.74697235390423,167.4724300834058,168.94303442923228,76138300
2022-01-12,172.09011840820312,173.70777719583765,171.39404073246158,172.66855252404713,74805200
2022-01-13,168.8155975341797,173.15877570962883,168.42342735235042,172.33524076743157,84505800
2022-01-14,169.67835998535156,170.37443776083572,167.73715121031663,167.98225196839815,80440800
2022-01-18,166.47242736816406,169.1587219328493,166.0900708080933,168.14890807010434,90956700
2022-01-19,162.97239685058594,167.72735768644768,162.68808654482677,166.6685205840363,94815000
2022-01-20,161.2860870361328,166.35476859042288,160.9625522612085,163.7076835662155,91420500
2022-01-21,159.2272491455078,163.070426973366,159.1194042209609,161.19785371976124,122848900
2022-01-24,158.45274353027344,159.1194254143862,151.6683559036137,156.88410755310724,162294600
2022-01-25,156.64877319335938,159.5703696285005,153.942866591661,155.86444788627315,115798400
2022-01-26,156.56053161621094,161.16842196351905,154.72718309601152,160.29586403596446,108275300
2022-01-27,156.09971618652344,160.62917178912974,155.1781352721083,159.26641265987436,121954600
2022-01-28,166.9920196533203,167.01163189910224,159.6095873711376,162.4625632621154,179935700
2022-01-31,171.3548126220703,171.57050245050323,166.18808530239932,166.8253561445004,115541600
2022-02-01,171.18814086914062,171.41362933410613,168.93321134020488,170.59989317993646,86213900
2022-02-02,172.39404296875,172.43326746235797,169.93323706636977,171.32540739423024,84914300
2022-02-03,169.51168823242188,172.7862459215795,168.7469750192045,171.06072690938532,89418100
2022-02-04,169.22698974609375,170.90562127726093,167.54835821492657,168.53001022690665,82465400
2022-02-07,168.51039123535156,170.75836779564654,167.81341170266444,169.68837067678015,77251200
2022-02-08,171.62225341796875,172.13271674858726,168.2846269994,168.57912565086542,74829200
2022-02-09,173.04559326171875,173.40879966630814,171.6909088658484,172.81981752201338,71285000
2022-02-10,168.96194458007812,172.26029603848204,168.40241070544232,170.94488589786454,90865900
2022-02-11,165.5457763671875,169.9043132142881,164.95677923370172,169.16807428684055,98670700
2022-02-14,165.78138732910156,166.46854070339387,163.5039475985097,164.2990832872494,86185500
2022-02-15,169.61965942382812,169.77672735442647,167.1262696855739,167.83306039444423,62527400
2022-02-16,169.38406372070312,170.15956224722075,166.9299336029845,168.6969102835062,61177400
2022-02-17,165.78138732910156,168.7557915611827,165.37890643172315,167.8919330456037,69589300
2022-02-18,164.23037719726562,167.4109199862711,163.14074291393072,166.70414435001902,82772700
2022-02-22,161.3050537109375,163.6315640117695,159.17485582320555,161.95293260639133,91162800
2022-02-23,157.13304138183594,163.1014723054739,156.81890555489676,162.50266399183914,90009200
2022-02-24,159.75408935546875,159.86207169995745,149.2111390094014,149.78049910044882,141147500
2022-02-25,161.8253631591797,162.09039845532038,157.91837681162906,160.83388489976153,91974200
2022-02-28,162.09036254882812,162.38486112479202,159.44971644975743,160.06816196139965,95056600
2022-03-01,160.2056121826172,163.5432381527931,158.99818435052663,161.67809026330085,83474400
2022-03-02,163.5039520263672,164.2892766091773,159.96018776566925,161.37376901896334,79724800
2022-03-03,163.18002319335938,165.81085859107165,162.51250696008478,165.3789292736247,76678400
2022-03-04,160.17613220214844,162.5124684222201,159.1257725009118,161.47191984720897,83737200
2022-03-07,156.37716674804688,161.99221739182056,156.121927641353,160.3626714753167,96418800
2022-03-08,154.55128479003906,159.89147377341504,152.94137619759366,155.90596926887457,131148300
2022-03-09,159.960205078125,160.41177163023045,156.4851632700245,158.51717530744355,91454900
2022-03-10,155.61146545410156,157.4471497383223,153.11806120676204,157.26063347822767,105342000
2022-03-11,151.89100646972656,156.3575259685623,151.665230708696,156.01394178449013,96970100
2022-03-14,147.8564453125,151.29222791354923,147.34599696795414,148.67121841249335,108732100
2022-03-15,152.244384765625,152.71558844748628,147.62081285085458,148.1312610379761,92964300
2022-03-16,156.66184997558594,157.0643309184818,151.62598505111097,154.16846031293665,102300200
2022-03-17,157.6729278564453,158.04596038224682,154.73779817864818,155.6998128738619,75615400
2022-03-18,160.9713134765625,161.4621395458107,156.82874025380204,157.5649793576743,123511700
2022-03-21,162.34559631347656,163.29779985653147,160.01907112060528,160.509897071507,95811400
2022-03-22,165.72251892089844,166.31150120856418,161.88425551749586,162.4732378051616,81532000
2022-03-23,167.08697509765625,169.47238200494985,164.57393367238456,164.9077066995065,98062700
2022-03-24,170.8761749267578,170.94488277941835,167.08699751675573,167.9213927494687,90131400
2022-03-25,171.5142364501953,172.06395916657084,169.580380836561,170.68965237563202,80546200
2022-03-28,172.37808227539062,172.50568683875068,168.84412938966062,169.01100841776184,90371900
2022-03-29,175.6764678955078,175.7255385178658,173.1045291861119,173.44811341555265,100589400
2022-03-30,174.50828552246094,176.31452166228107,173.45791066079582,175.27397290735905,92633200
2022-03-31,171.40626525878906,174.7635134764267,171.20011173735605,174.5769971900877,103049300
2022-04-01,171.11175537109375,171.67130419323556,168.78524495629924,170.83689401317795,78751300
2022-04-04,175.16600036621094,175.21508596620356,171.23939202795495,171.36701159217134,76468400
2022-04-05,171.8480224609375,175.02858080966283,171.21976568599678,174.24325609628116,73401800
2022-04-06,168.6772918701172,170.44426874780456,167.00848619962144,169.1975663148219,89058800
2022-04-07,168.9815673828125,170.1791839693951,166.73359099058004,168.01955265843017,77594700
2022-04-08,166.96920776367188,168.6282022656161,166.09553796415852,168.6282022656161,76575500
2022-04-11,162.70880126953125,165.92861828036033,162.46338829627405,165.61449746357707,72246700
2022-04-12,164.5837860107422,166.75322864931675,163.58249672741925,164.93718134727843,79265200
2022-04-13,167.27349853515625,167.90175523000033,163.71011188136575,164.31873134170252,70618900
2022-04-14,162.2572479248047,168.12753750441655,162.01183493170848,167.4894547350742,75329400
2022-04-18,162.0413055419922,163.54323192882495,160.56882751734665,160.91239673580466,69023900
2022-04-19,164.32855224609375,164.7408593011716,160.9025960723887,161.9922304806441,67723800
2022-04-20,164.16163635253906,165.7813709088185,163.0523799363438,165.66356250002266,67929800
2022-04-21,163.36651611328125,168.38275818896258,162.865879009956,165.81083486701775,87227800
2022-04-22,158.82147216796875,164.78991818851023,158.53679967564108,163.40580023778472,84882400
2022-04-25,159.8914794921875,160.17615197605645,155.55257953271186,158.16376241881838,96046400
2022-04-26,153.9230499267578,159.36139588708184,153.84451596249764,159.27305079434743,95623200
2022-04-27,153.697265625,156.85817138310125,152.52909731194325,153.0493716898695,88063200
2022-04-28,160.63755798339844,161.5014166726903,156.01396974444066,156.32810562375522,130216800
2022-04-29,154.75741577148438,163.1505424974972,154.36476100370217,158.87053962186658,131747600
2022-05-02,155.06173706054688,155.32677228255127,150.45778736143095,153.8346722144635,123055300
2022-05-03,156.5538787841797,157.76132169874938,153.45186941180674,155.24827964309745,88966500
2022-05-04,162.97389221191406,163.42544380743908,156.33791416985588,156.74039514151906,108256500
2022-05-05,153.8935546875,161.0694268466523,152.1069412471219,160.84365112993797,130525300
2022-05-06,154.62110900878906,156.74459682854075,151.57350991558067,153.37257473502316,116124600
2022-05-09,149.48931884765625,153.19558860822082,148.92896288962842,152.31079472594658,131577900
2022-05-10,151.89788818359375,154.09019917635914,150.3445974581009,152.89082298326753,115366700
2022-05-11,144.0233154296875,152.82200644382692,143.34497796029567,150.90497555260774,142689800
2022-05-12,140.14991760253906,143.7283801675573,136.45348852465227,140.3563740008872,182602000
2022-05-13,144.62298583984375,145.59625448116793,140.69060910842344,142.14558429881745,113990900
2022-05-16,143.07952880859375,145.02606620057162,141.7425200447831,143.08936935150413,86643800
2022-05-17,146.7169952392578,147.23803400578663,144.20026129048028,146.3434146138869,78336300
2022-05-18,138.4393768310547,144.86880836010556,137.53491667633742,144.36743555765233,109742900
2022-05-19,135.02798461914062,139.2651179150192,134.29066402238703,137.51521156545672,136095600
2022-05-20,135.263916015625,138.32133932083437,130.36811151110442,136.73855719175506,137426100
2022-05-23,140.69061279296875,140.8380709239281,135.32291181364158,135.46054440281267,117726300
2022-05-24,137.9871063232422,139.56988862899178,135.00833201503448,138.4294957252956,104132700
2022-05-25,138.14442443847656,139.39294348204788,136.00127092128338,136.0897458139781,92482700
2022-05-26,141.34930419921875,141.89983463413682,134.82155832650707,135.0673319135833,90601500
2022-05-27,147.11026000976562,147.14957718930077,142.8043013103354,142.9321083952799,90978500
2022-05-31,146.32376098632812,148.11299992246586,144.35757226573517,146.54988348979353,103718400
2022-06-01,146.19593811035156,149.17471219422913,145.18333733188115,147.36580755186637,74286600
2022-06-02,148.65370178222656,148.712685042506,144.37723540201858,145.33083811208033,72348100
2022-06-03,142.92225646972656,145.46846714813478,142.01781149904664,144.4165490295479,88570300
2022-06-06,143.66940307617188,146.05833007006927,142.45036072118282,144.54435641942476,71598400
2022-06-07,146.19593811035156,146.48102881439183,141.66387346445043,141.9096470027296,67808200
2022-06-08,145.45864868164062,147.3363475160415,144.96710149969525,146.06816238698744,53950200
2022-06-09,140.22857666015625,145.44880522785593,140.12043568225837,144.5935179486459,69473000
2022-06-10,134.8117218017578,138.38034379484614,134.7428980025847,137.9084627463307,91437900
2022-06-13,129.65048217773438,132.91434748083088,129.2179182819536,130.6237359424125,122207100
2022-06-14,130.51560974121094,131.6265112355856,129.2572500842336,130.8793648770148,84784300
2022-06-15,133.1404266357422,135.01813996515114,129.92571973239964,132.01969996284308,91533000
2022-06-16,127.86122131347656,130.15183245736094,126.85846109150235,129.84707567441438,108123900
2022-06-17,129.33587646484375,130.83018391739205,127.61546153618984,127.87107564040531,134520300
2022-06-21,133.57301330566406,134.74289788395257,131.06613492456364,131.16443535080262,81000500
2022-06-22,133.06179809570312,135.4310435768621,131.64614013134977,132.5112527755898,73409200
2022-06-23,135.93246459960938,136.24704700188127,133.33709602733944,134.5069807437755,72433800
2022-06-24,139.26512145996094,139.51089499846822,137.407074108879,137.53486614834085,89116800
2022-06-27,139.26512145996094,141.06418556193336,138.58678409354863,140.28753277978763,70207900
2022-06-28,135.116455078125,140.99535357735834,134.99848858676108,139.72716879272002,67083400
2022-06-29,136.87620544433594,138.29186353568556,134.35948661563768,135.13613945781051,66242400
2022-06-30,134.4086456298828,136.03074512479165,131.50852062340732,134.92968437677243,98964500
2022-07-01,136.581298828125,136.6894398129789,133.36659091632603,133.7401565905966,71051600
2022-07-05,139.1667938232422,139.2159515267921,134.61506348953498,135.44087390702856,73353800
2022-07-06,140.5038299560547,141.68354006887108,138.69494011634768,138.96037976700046,74064300
2022-07-07,143.87586975097656,144.07248562850194,140.857762778016,140.8675883216018,66253700
2022-07-08,144.5541534423828,145.05554104632404,142.54864802909546,142.80424710112618,64547800
2022-07-11,142.42086791992188,144.1609490492264,141.34929872199137,143.20734636825597,63141600
2022-07-12,143.39413452148438,145.94034514627222,142.597830542374,143.2958190916168,77588800
2022-07-13,143.0303955078125,143.97415763799123,139.7173575069719,140.57265975093034,71185600
2022-07-14,145.96002197265625,146.43190306892052,140.82826817318988,141.64423829848138,78140700
2022-07-15,147.63125610351562,148.30959351033036,145.6945593046606,147.24784996064128,76259900
2022-07-18,144.5836944580078,149.00761906982018,144.219939344917,148.1916489524308,81420900
2022-07-19,148.447265625,148.67337315386493,144.4264128251581,145.41933284394,82982400
2022-07-20,150.4527587890625,151.12127077444447,147.8278985688421,148.5652193610668,64823400
2022-07-21,152.7237091064453,152.93999105761137,149.37135386420036,151.8880729314102,65086600
2022-07-22,151.48500061035156,153.63797957756256,150.8165036712,152.76302623024424,66675400
2022-07-25,150.3643035888672,152.41896753212018,149.7056320616401,151.40638137823638,53623900
2022-07-26,149.03712463378906,150.5019257638896,148.25064607355188,149.6859555702162,55138700
2022-07-27,154.1393280029297,154.6702072541214,149.58761220557574,150.00050995604346,78620700
2022-07-28,154.68991088867188,154.9750016662387,151.7996109329514,154.32615575764223,81378700
2022-07-29,159.76263427734375,160.8637099904221,156.80352611275504,158.51411543428287,101786900
2022-08-01,158.77957153320312,160.82440969031893,158.17005780397355,158.28802433199732,67829400
2022-08-02,157.304931640625,159.66436723257505,156.9313659642097,157.39342153843546,59907000
2022-08-03,163.3214569091797,163.77367187577843,158.0324049028353,158.12087978749662,82507500
2022-08-04,163.0068817138672,164.36355679986545,161.65020662786893,163.20349759569137,55474100
2022-08-05,162.7804412841797,163.2726712063917,160.46695464111716,160.67369781797885,56697000
2022-08-08,162.30789184570312,165.20220622926755,161.64830554399492,163.7845816314674,60276900
2022-08-09,162.3571319580078,163.2431549194952,160.71308565619225,161.47112401818703,63135500
2022-08-10,166.61001586914062,166.7084528561764,164.30636805182522,165.07424565037454,70170500
2022-08-11,165.8716583251953,168.3328081399825,165.5763173430876,167.41725259761515,57149200
2022-08-12,169.42552185058594,169.49442621891984,166.7674686201632,167.18095491681882,68039400
2022-08-15,170.4986114501953,170.69550042466776,168.6872088503834,168.85456522976827,54091700
2022-08-16,170.34109497070312,171.01053551269388,168.992389717206,170.09497999617207,56377100
2022-08-17,171.8374786376953,173.4126054655057,169.88825224075944,170.0851412165275,79542000
2022-08-18,171.44371032714844,172.1820553587411,170.42971768549464,171.04993231896626,62290100
2022-08-19,168.85455322265625,171.04005523372263,168.6478100500787,170.34108214913311,70346300
2022-08-22,164.96595764160156,167.22036427123675,164.54263206053483,167.0530078857762,69026800
2022-08-23,164.63119506835938,166.08820627220155,164.0602066271234,164.48353211875664,54147100
2022-08-24,164.92654418945312,165.49753265907893,163.6664368846458,164.71981604973067,53841500
2022-08-25,167.38772583007812,167.49601702656614,165.73384030735204,166.15715087983543,51218200
2022-08-26,161.07733154296875,168.3918767523516,161.01826634968077,167.91934018438116,78961000
2022-08-29,158.87210083007812,160.3684686608763,157.33634620171787,158.64566429825078,73314000
2022-08-30,156.44053649902344,160.03380935929164,155.26902673828752,159.6104987851323,77906200
2022-08-31,154.7767791748047,158.084564879281,154.69802058402368,157.81875651310324,87991100
2022-09-01,155.5052947998047,155.95813794862076,152.2664132669702,154.20580050146393,74229900
2022-09-02,153.388671875,157.86796676025835,152.56172928679763,157.26744570942157,76957800
2022-09-06,152.12855529785156,154.64876971078968,151.301612760168,154.0384095074989,73714800
2022-09-07,153.536376953125,154.2353350897476,151.22289011406963,152.41409323627113,87449600
2022-09-08,152.05966186523438,153.93012940950055,150.30730966413597,152.23685741248187,84923800
2022-09-09,154.92446899414062,155.36748802177217,152.34518854112125,153.05400095933032,68028800
2022-09-12,160.89027404785156,161.7073775664421,156.82446488060694,157.10995164172124,104956000
2022-09-13,151.4493408203125,158.04522060102116,150.98664336350882,157.41516672689878,122656600
2022-09-14,152.89645385742188,154.6586453659871,151.22287515005883,152.3845305395428,87965400
2022-09-15,150.0021514892578,152.82756164210238,149.0275457934619,152.24671887947383,90481100
2022-09-16,148.35812377929688,148.99803181293044,146.06433010273614,148.86020800935316,162278800
2022-09-19,152.07936096191406,152.15811955641868,146.78297692105565,146.98970508767258,81474200
2022-09-20,154.4617462158203,155.6234166633189,150.7011173572486,151.0161367015711,107689800
2022-09-21,151.33119201660156,156.2731854100913,151.21306162383578,154.8949324005984,101696800
2022-09-22,150.3664093017578,152.06952070873675,148.5648458969192,150.01200313979504,86652500
2022-09-23,148.09228515625,149.11613179254852,146.25135007934554,148.84048424162157,96029900
2022-09-26,148.42703247070312,151.38041235260212,147.31458790825445,147.33428131353384,93339400
2022-09-27,149.401611328125,152.3156188966605,147.6197415235521,150.36639273150132,84442700
2022-09-28,147.51145935058594,148.29903022974963,142.58916013289422,145.34565069913458,146691400
2022-09-29,140.2658233642578,144.43993818318944,138.49379277972724,143.82957793472042,128138200
2022-09-30,136.05235290527344,140.8762153477741,135.85546393289223,139.0844911492741,124925300
2022-10-03,140.236328125,140.84670355770672,135.5503037948178,136.06222721595856,114311700
2022-10-04,143.82957458496094,143.94770494729045,142.01815723981503,142.77619544864433,87830100
2022-10-05,144.12490844726562,145.08968986509632,140.7875903322469,141.83113033653302,79471000
2022-10-06,143.17001342773438,145.24722466977872,142.9632852357701,143.54411304208395,68402200
2022-10-07,137.91297912597656,140.8762129387206,137.28292541213156,140.32490279514894,85925600
2022-10-10,138.2378692626953,139.68502664208134,136.4166273038199,138.2378692626953,74899000
2022-10-11,136.82022094726562,139.15340092464973,136.07203689531147,137.7259221748937,77033700
2022-10-12,136.190185546875,138.1787988471096,136.0129899667056,136.96791731761857,70433700
2022-10-13,140.76791381835938,141.35858069211028,132.2818600306571,132.8922353283637,113224000
2022-10-14,136.22958374023438,142.2741677227646,136.04253393109235,142.06742450695816,88598000
2022-10-17,140.19691467285156,140.6792903298468,138.090171437718,138.8777422312096,85250900
2022-10-18,141.51609802246094,144.420251464502,138.4248948126108,143.22906350371468,99136600
2022-10-19,141.62437438964844,142.69743186765362,139.30104887468818,139.488098622933,61758300
2022-10-20,141.1616973876953,143.6228470143876,140.43319169039492,140.7974520498777,64522000
2022-10-21,144.9813995361328,145.5523880250328,140.43318502707822,140.6497673856839,86548600
2022-10-24,147.1275177001953,147.89539516122247,143.73113431154985,144.90264390563777,75981900
2022-10-25,149.9726104736328,150.12028846465364,147.03892431633474,147.7575758033074,74732300
2022-10-26,147.0290985107422,149.62807215966112,145.73944336708044,148.61407962000084,88194300
2022-10-27,142.54978942871094,146.73374379544853,141.8902031311427,145.76897734753766,109180200
2022-10-28,153.31976318359375,155.05240689410368,145.52284395380414,145.89692843507157,164762400
2022-10-31,150.9570770263672,151.84309994681692,149.55914577499016,150.77988145527678,97943200
2022-11-01,148.3088836669922,153.03429437423398,146.8125153766711,152.6700490040681,80379300
2022-11-02,142.7762451171875,149.80528953264218,142.7467125163314,146.6353268529598,93604600
2022-11-03,136.72177124023438,140.5808515547038,136.59378666921566,139.85234595133585,97918500
2022-11-04,136.45556640625,140.68589913556306,132.51119405211378,140.11396333862294,140814800
2022-11-07,136.98802185058594,137.21481900121177,133.7832199726521,135.2031961352515,83374600
2022-11-08,137.55996704101562,139.46311921929427,135.57792562085092,138.457315240062,89908500
2022-11-09,132.99435424804688,136.6231842073022,132.71824941976038,136.57387654941147,74917800
2022-11-10,144.82748413085938,144.82748413085938,137.55998303216782,139.2757903878347,118854000
2022-11-11,147.61810302734375,147.9237894166263,142.3622261036816,143.79207283535823,93979700
2022-11-14,146.21783447265625,148.19002000915992,145.37964960100956,146.89824089020306,73374100
2022-11-15,147.95339965820312,151.45403311466376,146.49398610736782,150.10309040489915,89868300
2022-11-16,146.72076416015625,147.7857463571914,145.24162472759372,147.05604720027458,64218300
2022-11-17,148.62393188476562,149.3733571163338,144.11747984279026,144.39358466739876,80389400
2022-11-18,149.18597412109375,150.57636858986908,147.88433944033332,150.19179299707827,74829600
2022-11-21,145.9516143798828,148.27879437989566,145.66565404043791,148.07172328326632,58724100
2022-11-22,148.09141540527344,148.32808310350964,144.8866136770819,146.06993712168025,51804100
2022-11-23,148.96908569335938,149.71851100166924,147.2631338671993,147.3716047055876,58301400
2022-11-25,146.05023193359375,146.80952774156987,145.0739944661959,146.24744752036312,35195900
2022-11-28,142.21434020996094,144.6006835742159,141.3860256630134,143.12154400613,69246000
2022-11-29,139.2067108154297,142.79608780045112,138.39812258985918,142.2833153607106,83763800
2022-11-30,145.97132873535156,146.6517352342591,138.595358159877,139.43352808516767,111380900
2022-12-01,146.2474365234375,147.05603992895004,144.57108159207246,146.14883626075934,71250400
2022-12-02,145.75439453125,145.94175459663157,143.62443017730817,143.93013162674256,65447400
2022-12-05,144.59083557128906,148.82116833526126,143.74279490633833,145.71498109956457,68826400
2022-12-06,140.92254638671875,145.25149381357704,139.94630895435972,145.02469664926164,64727200
2022-12-07,138.9799346923828,141.37613319907325,138.05300496587287,140.21255080814953,69721100
2022-12-08,140.66616821289062,141.52407940202735,139.1377360156072,140.380207847569,62128300
2022-12-09,140.1829833984375,143.54556411340621,138.94049659830839,140.3604729146931,76097000
2022-12-12,142.48057556152344,142.4904310742392,139.09826892356506,140.71546075742316,70462700
2022-12-13,143.44696044921875,147.8843792751259,142.2340701831816,147.4209143273598,93886200
2022-12-14,141.21835327148438,144.62037034418682,139.1968600685047,143.32859121325015,82291200
2022-12-15,134.6016845703125,139.827980094081,134.1382196907759,139.14757356682156,98931900
2022-12-16,132.63937377929688,135.73570542541242,131.87022238639204,134.7890645018001,160156900
2022-12-19,130.5291290283203,133.31977409731115,129.49374338835526,133.23102933615738,79592600
2022-12-20,130.4600830078125,131.3968681768677,128.08359570202674,129.5627349310346,77432800
2022-12-21,133.56631469726562,134.90740198854184,130.90386619083728,131.1306634032082,85928000
2022-12-22,130.3910675048828,132.68866590052642,128.48791532003168,132.48159480562174,77852100
2022-12-23,130.02622985839844,130.57843955760072,127.8371020889996,129.09929998620072,63814900
2022-12-27,128.22164916992188,129.58246208692498,126.9298699732108,129.55288050582337,69007800
2022-12-28,124.28716278076172,129.2077647504938,124.11952877613886,127.8666776669259,85438400
2022-12-29,127.80751037597656,128.6654064445158,125.95365830174214,126.2100370570361,75703700
2022-12-30,128.12306213378906,128.14278820773606,125.6578370442106,126.62421153870504,77034200
2023-01-03,123.33062744140625,129.07954280580168,122.44314240777942,128.46817007852962,112117500
2023-01-04,124.60271453857422,126.87073149260826,123.3405166774151,125.12534263515172,89113600
2023-01-05,123.28134155273438,125.99309725880703,123.02496279365805,125.36199835089351,80962700
2023-01-06,127.81736755371094,128.4780480462767,123.15315196037015,124.25757880895641,87754700
2023-01-09,128.33999633789062,131.55466910779157,128.08361757784448,128.6555533163335,70790800
2023-01-10,128.9119110107422,129.43453900512318,126.33820813140562,128.44844617850507,63896200
2023-01-11,131.63357543945312,131.65328646822576,128.64571450243,129.4247214433815,69458900
2023-01-12,131.55470275878906,132.39287298483077,129.61209787227367,132.01816778531338,71379600
2023-01-13,132.88587951660156,133.04365799858422,129.82900042275443,130.19384999657817,57809700
2023-01-17,134.0494842529297,135.38070076927318,132.26465833803292,132.95492042575748,63646600
2023-01-18,133.32962036132812,136.68233001992917,133.15211582478094,134.91723044564642,69672800
2023-01-19,133.3887939453125,134.35516079708475,131.90965456039046,132.21534095915428,58280400
2023-01-20,135.95262145996094,136.1005444209002,132.35338844252215,133.3986444948596,80223600
2023-01-23,139.14759826660156,141.32687064316994,135.98223278773898,136.19917447397063,81760300
2023-01-24,140.54782104492188,141.16906439218428,138.34883807200805,138.35869358432294,66435100
2023-01-25,139.88714599609375,140.44921115138996,136.87955949987148,138.93063463423644,65799300
2023-01-26,141.9579315185547,142.24389182095663,139.9265676340099,141.17890975078,54105100
2023-01-27,143.90054321289062,145.18246711281154,141.09018721144076,141.16907645645273,70555800
2023-01-30,141.01132202148438,143.52586259132485,140.86341406597097,142.9440712375221,64015300
2023-01-31,142.28335571289062,142.3326633733732,140.30131415280843,140.71547141700836,65874500
2023-02-01,143.40750122070312,144.57109881294525,139.35467333783802,141.967813832125,77663600
2023-02-02,148.7225341796875,149.07751316889315,146.10937904089744,146.82922262442523,118339000
2023-02-03,152.35134887695312,155.1913011660709,145.77411121969988,145.97132678498124,154357300
2023-02-06,149.61988830566406,150.97084596204795,148.68310295478358,150.4482178700856,69858300
2023-02-07,152.499267578125,153.07120329051187,148.54504029445562,148.54504029445562,83322600
2023-02-08,149.80723571777344,152.43024651571073,149.0676660222592,151.73998447588093,64120100
2023-02-09,148.77183532714844,152.1837234806971,148.32809651858278,151.64136936063508,56007100
2023-02-10,149.13726806640625,149.46317743221437,147.3694730974516,147.60650220064647,57450700
2023-02-13,151.94204711914062,152.3469510828992,149.0483754519819,149.07800220373113,62199000
2023-02-14,151.30007934570312,151.86301769491905,148.9891025921519,150.233471212628,61707600
2023-02-15,153.40367126464844,153.5715611952289,150.98405804107867,151.21120146838675,65573800
2023-02-16,151.80377197265625,154.39127521881363,151.44823591009165,151.60624021713144,68167900
2023-02-17,150.6581573486328,151.10257366904202,148.97924287733272,150.46064065840176,59144100
2023-02-21,146.63864135742188,149.4236767462983,146.56951728902385,148.33731221810694,58867200
2023-02-22,147.06329345703125,148.09038924690807,145.33499611487431,147.0237810788301,51011300
2023-02-23,147.54722595214844,148.47557105445037,145.41402441253163,148.22867140254277,48394200
2023-02-24,144.89060974121094,145.3646528906462,143.91288161778817,145.28564318748033,55469600
2023-02-27,146.0855712890625,147.32006943922315,145.6213987790375,145.8781840387877,44998500
2023-02-28,145.5819091796875,147.2311969873109,145.0091001993268,145.2263730908277,50547000
2023-03-01,143.5079345703125,145.40412186804485,143.2116520085762,145.00908849876785,55479000
2023-03-02,144.10052490234375,144.89060684866965,142.11544194013547,142.58950014966683,52238100
2023-03-03,149.15701293945312,149.236022634522,145.50290119247913,146.20408774818284,70732300
2023-03-06,151.92230224609375,154.3616721188966,151.55689556759242,151.8827898611123,87558000
2023-03-07,149.719970703125,152.11982833887177,149.25579810311828,151.79391895570362,56182000
2023-03-08,150.9741973876953,151.5667625921133,149.94710144553787,150.91494388116536,47204800
2023-03-09,148.72244262695312,152.6234533766544,148.3669065925505,151.65561114338573,53833600
2023-03-10,146.6583709716797,149.0681136196498,145.7794089470896,148.34717096498875,68572400
2023-03-13,148.6039276123047,151.2408134460528,145.86827591395192,145.97691233719496,84457100
2023-03-14,150.69766235351562,151.49761478500946,148.23855155589501,149.4039106364519,73695900
2023-03-15,151.0926971435547,151.34946732376167,148.06076257128353,149.3150168625453,77167900
2023-03-16,153.917236328125,154.5196720318581,149.7594399024329,150.27299535550645,76161100
2023-03-17,153.07777404785156,154.7962009363973,152.36670189187112,154.14438228182223,98944600
2023-03-20,155.447998046875,155.8628026785515,152.23830291826783,153.14690680049927,73641400
2023-03-21,157.3046875,157.4231944974596,154.59866219140062,155.36900288355957,73938300
2023-03-22,155.87266540527344,160.1292123200188,155.85290921676807,157.32443633451206,75701800
2023-03-23,156.9590301513672,159.54654859691777,155.72453196517867,156.86027933820688,67622100
2023-03-24,158.26268005371094,158.35156031348998,155.89244937558198,156.88991856429575,59196500
2023-03-27,156.31710815429688,158.77623413977568,155.91218910395636,157.9565254779494,52390300
2023-03-28,155.6949005126953,156.52449472162644,154.04561279409856,156.01093927220384,45992200
2023-03-29,158.77622985839844,159.05275625859912,157.37384166607825,157.39358278783644,51305700
2023-03-30,160.3464813232422,160.45511775307082,159.27000265374878,159.52677281990913,49501700
2023-03-31,162.85498046875,162.95374634284104,159.9020707098414,160.42549668949934,68749800
2023-04-03,164.10923767089844,164.22774466628186,162.18342364813336,162.23280658606208,56976200
2023-04-04,163.57594299316406,164.7709287291007,163.0623875580335,164.53391473562277,46278300
2023-04-05,161.72911071777344,163.00312110973053,159.79342626688646,162.6969680127728,51511700
2023-04-06,162.6179656982422,162.9142482495303,159.99095018347427,160.41561028699388,45390100
2023-04-10,160.02061462402344,160.02061462402344,158.0948001913657,159.4181788200064,47716900
2023-04-11,158.80584716796875,160.34649846878187,158.51943515436048,160.33662790848967,47644200
2023-04-12,158.11453247070312,160.05021717246308,157.79849370413785,159.22063801456596,50133100
2023-04-13,163.5067901611328,163.74381920430133,159.41813335119963,159.62553564766657,68445600
2023-04-14,163.16116333007812,164.25739832506682,161.78840194622364,162.5488419808256,49386500
2023-04-17,163.180908203125,163.33892759169828,161.99579292794192,163.04264500551295,41516200
2023-04-18,164.40554809570312,165.33389323571308,163.59570997116356,164.04014141829643,49923000
2023-04-19,165.55116271972656,166.07458878664085,163.48707013576512,163.74385542338587,47720200
2023-04-20,164.58331298828125,165.78818457608216,163.50683405035483,164.03026014199096,52456400
2023-04-21,162.97352600097656,164.38578477260316,162.45009994594136,163.00315275355902,58337300
2023-04-24,163.27969360351562,163.5463494699089,161.85754907549833,162.953784226715,41949600
2023-04-25,161.739013671875,164.2475072794641,161.69950129216383,163.1414017604714,48714100
2023-04-26,161.72911071777344,163.2302645252869,160.78102468006927,161.03779484245666,45498800
2023-04-27,166.32147216796875,166.4696059197472,163.14140369362494,163.14140369362494,64902300
2023-04-28,167.5757293701172,167.74363439949644,165.79806388046575,166.40049965137717,55275900
2023-05-01,167.48684692382812,168.33618234272492,166.54863124552048,167.180693761707,52472900
2023-05-02,166.44985961914062,168.2374257243008,165.46226102978648,167.98064044655123,48425700
2023-05-03,165.3733673095703,168.80033534118735,165.08697037258037,167.3979472668269,65136000
2023-05-04,163.73394775390625,164.96844587189068,162.27230620168868,162.8451151367803,81235400
2023-05-05,171.41749572753906,172.13843848392673,168.64233101133158,168.85960390825258,113453200
2023-05-08,171.34835815429688,171.69402369424722,169.9755966946327,170.34100335662225,55962800
2023-05-09,169.6398162841797,171.38785496168964,169.47192632998963,170.9039412906591,45326900
2023-05-10,171.40760803222656,171.87178057282452,169.76819076413835,170.87431142683658,53724500
2023-05-11,171.5952606201172,172.4248398461332,170.0348529885771,171.69402651016821,49514700
2023-05-12,170.6656494140625,172.13919719280526,169.1129675562631,171.70405030041803,45533100
2023-05-15,170.171142578125,171.29856159606754,169.57775779377548,171.24911034897144,37266700
2023-05-16,170.171142578125,171.2293268320526,169.90411791612752,170.0920236008516,42110300
2023-05-17,170.7843017578125,171.02164360752573,168.53934785672587,169.81512066054435,57951600
2023-05-18,173.11827087402344,173.30617657836305,170.6755268984154,171.0908902546592,65496700
2023-05-19,173.22705078125,174.44347306887536,173.00947735219142,174.44347306887536,55809500
2023-05-22,172.27760314941406,172.7819846737764,171.53587981631637,172.06002976447343,43570900
2023-05-23,169.66677856445312,171.46670153051892,169.38986966050507,171.2194603598222,50747300
2023-05-24,169.9436798095703,170.51728111058472,168.63825433413288,169.2019563309073,45143500
2023-05-25,171.08099365234375,171.98093998050487,169.79533663873903,170.50739236656926,56058300
2023-05-26,173.49404907226562,173.83030849826073,171.19965909306288,171.40734829469508,54835000
2023-05-30,175.3434600830078,177.01481299064648,174.62152001245323,175.00721567649254,55964400
2023-05-31,175.29396057128906,177.3707920923561,174.80936252559982,175.37307954346696,99625300
2023-06-01,178.1026153564453,178.13228308457525,174.97748387661747,175.73899077622127,68901800
2023-06-02,178.95314025878906,179.77398268262323,177.2817876805341,179.03225923715402,61996900
2023-06-05,177.59825134277344,182.908986017055,176.0752375225132,180.61459616435278,121946500
2023-06-06,177.23236083984375,178.1323071989488,175.47198988688834,177.98396853821802,64848400
2023-06-07,175.85768127441406,179.21027045240393,175.36319900574063,176.47083445864072,61944600
2023-06-08,178.57733154296875,178.84434109966037,175.50165126625262,175.93678298136524,50214900
2023-06-09,178.96302795410156,180.21900204187077,178.6366678484163,179.4970621604222,48900000
2023-06-12,181.7617950439453,181.86069753893617,178.97292275194738,179.26961514651788,54274900
2023-06-13,181.28709411621094,182.11782073883157,180.4266997635254,180.78272761470595,54929100
2023-06-14,181.9200439453125,182.35519080481038,180.0113494184458,181.3464426387383,57462900
2023-06-15,183.9573211669922,184.4617028293976,181.75193407830622,181.9299555739799,65433200
2023-06-16,182.8793487548828,184.92651290759443,182.2365277422246,184.66937243020826,101256200
2023-06-20,182.96832275390625,184.0463055632048,182.37495308855412,182.37495308855412,49799100
2023-06-21,181.929931640625,183.36392727035516,180.57503989811684,182.85954567430247,49515700
2023-06-22,184.93638610839844,184.98583735805877,181.6431320743364,181.7123668419414,51245300
2023-06-23,184.61990356445312,185.49019723798705,182.96833449974372,183.5023838322858,53117000
2023-06-26,183.22547912597656,185.97479955864205,183.18591209060443,184.76826151663462,48088700
2023-06-27,185.98468017578125,186.31104030447904,183.62105538648717,183.83862880561904,50730800
2023-06-28,187.1615447998047,187.80436573389431,185.5297592960992,185.8561043245189,51216800
2023-06-29,187.49778747558594,187.9725013298976,186.85496654717443,186.9934209820816,46347300
2023-06-30,191.82949829101562,192.3338648928707,189.1493971154997,189.51532434310897,85213200
2023-07-03,190.33612060546875,191.7404484310712,189.6438333602496,191.64154594163958,31458200
2023-07-05,189.21861267089844,190.85039834497115,188.51644111338388,189.45596962493224,46920300
2023-07-06,189.6933135986328,189.90100282202306,187.11211517011608,187.74505196417672,45094300
2023-07-07,188.5757598876953,190.54380484505052,188.14062814608695,189.29771490007704,46815000
2023-07-10,186.5286102294922,187.89338618022617,184.97592859390042,187.17143117099337,59922200
2023-07-11,186.0044708251953,187.21100889013437,184.54080738706045,187.07255444450544,46638100
2023-07-12,187.6758270263672,189.5845215693785,186.39016995526782,187.5868087386057,60750200
2023-07-13,188.4373016357422,189.0801376574393,187.6856939986458,188.39774969290625,41342300
2023-07-14,188.5856475830078,189.07023054213465,187.53734760154848,188.13071726198152,41616200
2023-07-17,191.8492431640625,192.17560328436687,189.69329254549467,189.7822957354681,50520200
2023-07-18,191.59213256835938,192.18551744143946,190.29659118888551,191.21633623311922,48288200
2023-07-19,192.94699096679688,196.04243976648678,190.5240157315845,190.9690618542327,80507300
2023-07-20,190.9987335205078,194.3018715848771,190.3756810082794,192.9370956401489,59581200
2023-07-21,189.82186889648438,192.8184304455329,189.11969738642375,191.95803606721273,71951700
2023-07-24,190.62294006347656,192.7591073714878,190.12845772868155,191.27566036710277,45377800
2023-07-25,191.4833221435547,192.29428036369316,190.79104993758423,191.19652904765346,37283200
2023-07-26,192.35362243652344,193.4810415222525,191.18665140498055,191.53277997466063,47471900
2023-07-27,191.08773803710938,195.02381285425056,190.42513357699178,193.85684188907683,47460200
2023-07-28,193.66893005371094,194.46010471349214,191.9975775461535,192.52172755154825,48291400
2023-07-31,194.28208923339844,194.32165626732748,193.10521896564188,193.8963936498011,38824100
2023-08-01,193.45135498046875,194.55899044039094,193.12499487022708,194.07440747187567,35175100
2023-08-02,190.45481872558594,193.02611782368746,189.73287873889473,192.88766337294663,50389300
2023-08-03,189.06036376953125,190.247118290272,188.58566497931545,189.45595867004647,61235200
2023-08-04,179.98167419433594,185.312192820491,179.91243942847825,183.47271804853088,115956800
2023-08-07,176.8762969970703,181.10906361378406,175.39285032979961,180.12009916893692,97576100
2023-08-08,177.81581115722656,178.28062565603474,175.6203088706347,177.70702446409274,67823000
2023-08-09,176.2235870361328,178.93334011391454,175.0566010766963,178.8740046582552,60378500
2023-08-10,176.0060272216797,178.7553475423464,175.64011515660735,177.49935830249015,54686900
2023-08-11,176.06544494628906,176.88739582771854,174.83748251539495,175.60001780962375,52036700
2023-08-14,177.71926879882812,177.94703359876078,175.59011444303226,176.24371615843643,43675600
2023-08-15,175.72874450683594,177.73905244130324,175.3326305229056,177.1448814654077,43622600
2023-08-16,174.85728454589844,176.80816171418965,174.78795629022963,175.4118501481314,46964900
2023-08-17,172.31222534179688,175.78817341312092,171.7972650350441,175.42176719468313,66062900
2023-08-18,172.79747009277344,173.40155375891743,170.29201204567954,170.62871045348956,61172200
2023-08-21,174.13436889648438,174.42156439236868,172.05474771785234,173.37184868637627,46311900
2023-08-22,175.51087951660156,175.95651153189084,174.54038966607246,175.34253031574917,42038900
2023-08-23,179.3631591796875,179.78899610380492,176.6002283968818,176.78838784399545,52722800
2023-08-24,174.66912841796875,179.3433458832632,174.30270712253693,178.91750900229638,54945800
2023-08-25,176.8774871826172,177.41224254469248,174.1145567754665,175.6594223889941,51449600
2023-08-28,178.44216918945312,178.83828316683332,176.8180777049469,178.34313313971825,43820700
2023-08-29,182.3340606689453,183.10649358507428,177.75887876406125,177.95693577395411,53003900
2023-08-30,185.82981872558594,186.0278908459401,182.9480567481202,183.14611375769312,60813900
2023-08-31,186.04766845703125,187.28554353881972,185.66145203594442,186.0179606639307,60794500
2023-09-01,187.62225341796875,188.0777829772235,186.45369150574666,187.65196121049496,45766500
2023-09-05,187.85992431640625,188.1372071331358,185.7902007519677,186.453699999912,45280000
2023-09-06,181.1357879638672,187.01817274976997,179.70975345688714,186.57252563325392,81755800
2023-09-07,175.83767700195312,176.4813811102254,171.8566665123906,173.48075801343515,112488800
2023-09-08,176.45167541503906,178.49170643953835,176.0654589567214,176.62003973987865,65551300
2023-09-11,177.62022399902344,178.5511084974291,175.619813594627,178.3233437087065,58953100
2023-09-12,174.5899200439453,178.3827714442694,173.12428004812202,177.7489799506068,90370200
2023-09-13,172.52017211914062,175.58019553637163,172.2923922361182,174.79785006313273,84267900
2023-09-14,174.03533935546875,174.39184798430878,171.89628758242847,172.31221179761187,60895800
2023-09-15,173.31239318847656,174.78794559113751,172.1339489112559,174.76813536061914,109259500
2023-09-18,176.24368286132812,177.64000941385729,174.4611399337141,174.76813049970744,67257600
2023-09-19,177.33303833007812,177.88760394386657,175.4118538031827,175.7980702206982,51826900
2023-09-20,173.78778076171875,177.95693597912128,173.69864226300012,177.52120149038592,58436200
2023-09-21,172.24290466308594,174.5899263869401,172.1735915074449,172.8569010557525,63149100
2023-09-22,173.0945587158203,175.36235454947433,172.36174626663464,172.97572753179696,56725400
2023-09-25,174.3720245361328,175.25339092524624,172.46073769252675,172.51025571431984,46172700
2023-09-26,170.29197692871094,173.50053892393993,169.9948839374697,173.12423523842645,64588900
2023-09-27,168.77684020996094,171.3615240971404,167.41023633579258,170.94559986493434,66921800
2023-09-28,169.03433227539062,170.36133082824708,165.9941036111019,167.69742105029528,56294400
2023-09-29,169.5492706298828,171.39122924497295,168.68769934956754,170.3514112168,51861100
2023-10-02,172.06463623046875,172.6093042881744,169.2719827950215,169.55917827580257,52164500
2023-10-03,170.7277374267578,171.94581747397606,169.1630765091389,170.589096012129,49594600
2023-10-04,171.9755096435547,172.5201776911012,169.31160010164683,169.43043127173715,53020300
2023-10-05,173.21337890625,173.74813426454526,171.00499899742474,172.10423261632292,48527900
2023-10-06,175.76837158203125,176.26352163595584,171.5001654241457,172.1141617663429,57266700
2023-10-09,177.25381469726562,177.3132302836497,174.09475506108697,175.09495269037185,42390800
2023-10-10,176.65960693359375,177.97670767634264,176.2238725392073,176.37242659771795,43698000
2023-10-11,178.05592346191406,178.10544147863004,175.87726672340503,176.47143759166542,47551100
2023-10-12,178.95713806152344,180.57131695227565,177.30332359387822,178.3233466007442,56743100
2023-10-13,177.1151580810547,180.16526873253892,176.41203844407568,179.66022118086906,51427100
2023-10-16,176.98643493652344,177.3429435766639,174.79786506856496,175.03554253225204,52517000
2023-10-17,175.43165588378906,176.6893412361662,173.1044597256959,174.93650583601004,57549400
2023-10-18,174.13436889648438,175.85749653944856,173.4114540423014,173.87689630601963,54764400
2023-10-19,173.75807189941406,176.11497599372035,173.49068662646167,174.33243269200634,59302900
2023-10-20,171.20309448242188,173.7184502104905,170.96541700693638,173.60951658974062,64244000
2023-10-23,171.32191467285156,172.32211231863303,168.2816861592976,169.25219112217718,55980100
2023-10-24,171.7576446533203,171.98540943587548,169.78694209599936,171.3714282347356,43816600
2023-10-25,169.4403533935547,171.38133313025827,168.99470625930118,170.2127862637829,57157000
2023-10-26,165.2711944580078,169.71764765287952,164.06302704400315,168.71743481214864,70625300
2023-10-27,166.58827209472656,167.32109955610002,165.21175565878588,165.29098147440297,58499100
2023-10-30,168.63818359375,169.5096524459554,167.23195938000526,167.38051344932887,51131000
2023-10-31,169.11354064941406,169.24226937820893,166.27136928302133,167.70731641765212,44846000
2023-11-01,172.28248596191406,172.53995851269775,168.4698250558493,169.34129385969914,56934900
2023-11-02,175.84759521484375,176.05554977286621,173.75806140886317,173.8174769968696,77334800
2023-11-03,174.93649291992188,175.10485722122255,171.66851493448934,172.5498813500308,79829200
2023-11-06,177.49147033691406,177.6895273209714,174.50077512285628,174.66912431484397,63841300
2023-11-07,180.05636596679688,180.67034717470034,177.23400472320088,177.44195927584823,70530000
2023-11-08,181.11599731445312,181.67056299140017,179.82860407252238,180.581241871906,49340300
2023-11-09,180.64064025878906,182.3340449245472,180.04645416963677,181.18530832204868,53763500
2023-11-10,184.8351287841797,185.00371491529177,181.98922784820692,182.425536381392,66133400
2023-11-13,183.24855041503906,184.4682199516521,182.6635072771428,184.25999143916752,43627500
2023-11-14,185.86639404296875,186.53076740007103,184.7359652497266,186.12420582715117,60108400
2023-11-15,186.43161010742188,187.90910668353808,186.20354524355434,186.2729648412074,53790500
2023-11-16,188.11734008789062,189.35684600106327,187.06622636374277,187.9785160308428,54412900
2023-11-17,188.09751892089844,188.78172866103995,186.98692637498098,188.65281519385715,50922700
2023-11-20,189.84271240234375,190.29885721130628,188.28590092727276,188.29581152699646,46505100
2023-11-21,189.03953552246094,189.91215257469014,188.14709726863614,189.8030754431615,38134500
2023-11-22,189.7039031982422,191.31029805901488,189.22793715258507,189.88239992204348,39617700
2023-11-24,188.37515258789062,189.2973377280717,187.66119596873028,189.26759079649733,24048300
2023-11-27,188.1966552734375,189.0692722786972,187.31412766791345,188.3255687303111,40552600
2023-11-28,188.80152893066406,189.47582799498892,187.8099242301234,188.1867388581487,38415400
2023-11-29,187.78018188476562,190.47734794655034,187.3835460471391,189.2973359031836,43014200
2023-11-30,188.35531616210938,188.7222202024886,186.61009727764167,188.2462390361622,48794400
2023-12-01,189.63450622558594,189.95181189166442,187.64137090627887,188.73214223180454,45704800
2023-12-04,187.83969116210938,188.454496430777,185.8763178825686,188.3850768316175,43389500
2023-12-05,191.79617309570312,192.76794143388682,188.58336852388663,188.61313058416235,66628400
2023-12-06,190.70545959472656,193.12496281511594,190.49721591044622,192.81756772030812,41089700
2023-12-07,192.63905334472656,193.3629205543118,191.96475426663108,192.0044269286476,47477700
2023-12-08,194.0669708251953,194.34461894265894,192.04408867717459,192.56963798027982,53406400
2023-12-11,191.55819702148438,191.8656072016425,189.81297812056516,191.48879255742054,60943700
2023-12-12,193.0753631591797,193.08527375940776,190.11045957675134,191.45904261144975,52696900
2023-12-13,196.29808044433594,196.33773797632358,193.214189106248,193.45216455954898,70404200
2023-12-14,196.4468231201172,197.9441408874326,194.51319682969313,196.35758232148717,66831600
2023-12-15,195.9113311767578,196.7343496927442,195.34610928310804,195.87165851894784,128538400
2023-12-18,194.24546813964844,194.9792611555933,192.75806090539803,194.44378607807738,55751900
2023-12-19,195.28663635253906,195.29654695271066,194.24544836840317,194.51318587990949,40714100
2023-12-20,193.1943359375,196.0204001139627,193.1943359375,195.24694969676773,52242800
2023-12-21,193.0456085205078,195.42546903656068,191.87552215973167,194.45370060278358,46482500
2023-12-22,191.9746856689453,193.76948784569112,191.349969834571,193.54140785907617,37149600
2023-12-26,191.42929077148438,192.262235089905,191.21113652656177,191.98458698376479,28919300
2023-12-27,191.52842712402344,191.8754947947896,189.48572401895245,190.8739795713314,48087700
2023-12-28,191.95484924316406,193.0257841884141,191.5482876644632,192.51014548202977,34049900
2023-12-29,190.9136505126953,192.76794644853246,190.1203637314106,192.27214410156537,42672100
2024-01-02,184.0814971923828,186.85799339797134,182.34618895522584,185.5788148528252,82488700
2024-01-03,182.7031707763672,184.31949132166326,181.8900476382689,182.6734238450404,58414500
2024-01-04,180.38279724121094,181.55288341182597,179.36144570900103,180.62077266265916,71983600
2024-01-05,179.65896606445312,181.22570360072842,178.657450576186,180.46217873225783,62379700
2024-01-08,184.00218200683594,184.04185467153414,179.97626898919978,180.56131218264795,59144500
2024-01-09,183.58570861816406,183.59561921893004,181.19593746369003,182.37594957443397,42841800
2024-01-10,184.62689208984375,184.83512061558696,182.375945055311,182.80234296869347,46792900
2024-01-11,184.0319061279297,185.47965559618967,182.07844372761645,184.97392753345,49128400
2024-01-12,184.35916137695312,185.1722845702879,183.6352941143493,184.49798544280438,40477800
2024-01-16,182.08836364746094,182.71306427754865,179.4110190331086,180.630703626113,65603000
2024-01-17,181.14633178710938,181.39423295178236,178.78632298828933,179.74818071767538,47317400
2024-01-18,187.04640197753906,187.55211493445296,184.26990575318283,184.52771753168435,78005800
2024-01-19,189.95181274414062,190.3385380102556,187.23482528040057,187.74053828049293,68903000
2024-01-22,192.26223754882812,193.69015075906108,190.64591702187175,190.68558968364889,60133900
2024-01-23,193.54139709472656,194.10661903356933,192.20273983497614,193.38275184285894,42355600
2024-01-24,192.8671112060547,194.73133285541883,192.70845082511164,193.7793857004472,53631300
2024-01-25,192.53988647460938,194.62226243680658,191.48878789336808,193.58107445570798,54822100
2024-01-26,190.80458068847656,193.1249321296598,190.3286146537771,192.63905549468925,44594000
2024-01-29,190.12039184570312,190.58644733122568,187.9884474907554,190.39803999060732,47145600
2024-01-30,186.4613494873047,190.18979301004535,185.89614265093053,189.33701232459805,55859400
2024-01-31,182.8518829345703,185.52922747005408,182.8023148089162,185.46971848403524,55467800
2024-02-01,185.291259765625,185.38050055962896,182.2767880551107,182.44535904290282,64885400
2024-02-02,184.2897491455078,185.75731994134992,177.74515173237538,178.35003123610636,102551700
2024-02-05,186.1043701171875,187.6611968198497,184.27982102914154,186.57042555488334,69668800
2024-02-06,187.7107696533203,187.72068025311026,185.2020110139772,185.2912518041467,43490800
2024-02-07,187.81985473632812,189.4460858813363,187.02656792958788,189.03952431241242,53439000
2024-02-08,186.73899841308594,187.94874218828468,185.7771406742971,187.80000754030146,40962000
2024-02-09,187.50350952148438,188.63538073939827,186.65956394365634,187.30492339729363,45155200
2024-02-12,185.8156280517578,187.32479480430874,185.45819421957458,187.0765772861258,41781900
2024-02-13,183.7206573486328,184.88232857566155,182.20156746712615,184.44546335353002,56529500
2024-02-14,182.8370361328125,184.20720181831388,181.13923662251403,183.99870756617022,54630500
2024-02-15,182.54908752441406,183.17460050228618,180.05698915939104,182.2413002337134,65434500
2024-02-16,181.01014709472656,183.53204565484478,180.37471083115267,182.1122335213933,49752500
2024-02-20,180.26548767089844,181.12927978468986,178.7166127841021,180.49384354523508,53665600
2024-02-21,181.0200653076172,181.5859933284812,179.3718974749363,180.64276986037862,41371400
2024-02-22,183.05543518066406,183.64123998867086,181.1590650140456,182.17178149569722,52292200
2024-02-23,181.21864318847656,183.72066477086588,180.9307023940782,183.6908798817894,45119700
2024-02-26,179.8683319091797,181.45691481099774,179.36195851579282,180.94063332165365,40867400
2024-02-27,181.32786560058594,182.60866132395924,178.27974721589908,179.8087756065873,54318900
2024-02-28,180.12649536132812,181.81437153541262,178.84569957246276,181.20872015618278,48953900
2024-02-29,179.46127319335938,181.26830407372196,178.2499704416867,179.97756989489093,136682600
2024-03-01,178.3790283203125,179.24282037465971,176.11528592616577,178.26981201401622,73563100
2024-03-04,173.85154724121094,175.63870116419773,172.55087478393426,174.8940486462885,81510100
2024-03-05,168.9070281982422,170.81333665210278,168.41059323161204,169.54246434952904,95132400
2024-03-06,167.9141845703125,170.01907946057096,167.47731930724007,169.84035496658896,68587700
2024-03-07,167.79502868652344,169.51268953107953,167.28867044448495,167.9439531253601,71765100
2024-03-08,169.51271057128906,172.46153602621885,167.73547973060533,167.7950495135339,76267000
2024-03-11,171.51829528808594,173.13667826239134,170.8232893067872,171.7069430151515,60139500
2024-03-12,171.99488830566406,172.78918743932962,169.79071540599014,171.9154568772979,59825400
2024-03-13,169.9098663330078,171.9551763303205,169.54249409126064,171.53817270319811,52488700
2024-03-14,171.76651000976562,173.06716728584055,170.82328653971078,171.67715534575908,72913500
2024-03-15,171.3892059326172,171.3892059326172,169.07581713096124,169.94954753501827,121752700
2024-03-18,172.48138427734375,176.44294118443133,172.282813299669,174.31819990832292,75604200
2024-03-19,174.82456970214844,175.350789645184,171.7963128554373,173.09697026746844,55215200
2024-03-20,177.39608764648438,177.39608764648438,173.84161109695287,174.46712406809783,53423100
2024-03-21,170.14816284179688,176.2245388219273,169.6219428431087,175.7876735060359,106181300
2024-03-22,171.05166625976562,171.81618050845861,168.8474933401544,170.5353695457136,71160100
2024-03-25,169.63185119628906,170.7140758962492,168.24182406010684,169.3538487990515,54288300
2024-03-26,168.5,170.19779947429063,168.37092203236526,168.787925677805,57388400
2024-03-27,172.07431030273438,172.36225110852925,168.89712909220745,169.19499314475576,60273300
2024-03-28,170.25735473632812,171.00200728609337,169.29426955996547,170.5254338962422,65672700
2024-04-01,168.8177032470703,170.02900599080004,168.2716216576847,169.96943620832081,46240500
2024-04-02,167.63616943359375,168.13260444031488,167.0305181193942,167.87446369081778,49329500
2024-04-03,168.44039916992188,169.46305411699578,167.37803608655156,167.5865303145986,47691700
2024-04-04,167.61631774902344,170.69420560535343,167.61631774902344,169.07582268557752,53704400
2024-04-05,168.3708953857422,169.1751176568126,167.74538244157907,168.38081863168355,42104800
2024-04-08,167.24896240234375,167.99361496437555,167.04046816897213,167.82482886831443,37425500
2024-04-09,168.46026611328125,168.86734648560252,167.1496854743383,167.49718091534808,42373800
2024-04-10,166.58375549316406,167.88441298860536,165.9185342989306,167.59648730602532,49709300
2024-04-11,173.79197692871094,174.208995705804,166.9610408919762,167.13975023930564,91070300
2024-04-12,175.29119873046875,177.08829097776882,172.96788660357228,173.0175179827845,101670900
2024-04-15,171.45872497558594,175.37063525095596,171.27007724910962,174.10968609239896,73531800
2024-04-16,168.17233276367188,172.5210932508517,167.0702464097302,170.52542991803605,73711200
2024-04-17,166.8021697998047,169.43326939438703,166.8021697998047,168.4006911997193,50901200
2024-04-18,165.8489990234375,167.4375970919546,165.36250241682455,166.83194578270678,43122900
2024-04-19,163.8235626220703,165.21357466916862,162.9101239696921,165.02494208062998,68149400
2024-04-22,164.65756225585938,166.06743588145892,163.59519920100377,164.33985172403135,48116400
2024-04-23,165.71002197265625,165.85896158515186,163.744143317683,164.17108536017497,49537800
2024-04-24,167.81491088867188,168.09291330855643,165.0249482926904,165.35258209827205,48251800
2024-04-25,168.6787109375,169.39357866495865,166.95111140447554,168.32127707377066,50558300
2024-04-26,168.0928955078125,170.1183436596222,167.97374080476908,168.66876193087458,44838400
2024-04-29,172.26295471191406,174.7749147415349,171.86581274952138,172.1338767566388,68169400
2024-04-30,169.1155548095703,173.74233280675443,168.78790588015656,172.09416491333778,65934800
2024-05-01,168.0928955078125,171.47858587357683,167.90424778215495,168.37089789825708,50383100
2024-05-02,171.79629516601562,172.1835138606425,169.67155396857694,171.27999852318183,94214900
2024-05-03,182.07254028320312,185.66672552286605,181.35767253443083,185.31921489638069,163224100
2024-05-06,180.41441345214844,182.8866500436298,179.13360267463952,181.04984964293004,78569700
2024-05-07,181.0994873046875,183.5816623782166,180.02720100491794,182.1420038655686,77305800
2024-05-08,181.43707275390625,181.76472167822584,180.1562619452029,181.5462890620128,45057100
2024-05-09,183.25405883789062,183.3434135192828,180.81159149652714,181.25838005348476,48983000
2024-05-10,181.99136352539062,184.01955884653998,181.07668601424152,183.83065525294157,50759500
2024-05-13,185.20269775390625,186.01796278299403,183.5522942832241,184.36755931231187,72044800
2024-05-14,186.34603881835938,187.21101770983566,185.2126323262415,186.4255779791011,52393600
2024-05-15,188.62281799316406,189.54743236218252,186.2864023770235,186.82328796013638,70400000
2024-05-16,188.74209594726562,189.99481870677727,188.5631442219314,189.36845732702145,52845200
2024-05-17,188.7719268798828,189.70649303935699,188.08591490450098,188.4140082479681,41282900
2024-05-20,189.93516540527344,190.81008101901142,187.91690657220929,188.2350632210391,44361300
2024-05-21,191.2375946044922,191.6153866469515,189.815856788038,189.98487181213304,42309400
2024-05-22,189.79595947265625,191.70486886169914,189.1696132758398,191.15804664976199,34648500
2024-05-23,185.79922485351562,189.89539287135,185.55067067436462,189.87550428926582,51005900
2024-05-24,188.88128662109375,189.47782271626807,186.9525037733123,187.72800676525614,36327000
2024-05-28,188.8912353515625,191.88382214222983,188.00638309980087,190.40243380522858,52280100
2024-05-29,189.18951416015625,191.13818582461732,188.41402624535667,188.51345399670836,53068000
2024-05-30,190.1837158203125,191.06856812279528,189.52754429358754,189.6567821553814,49889100
2024-05-31,191.13816833496094,191.45632497373828,188.81170480343985,190.33285520255313,75158300
2024-06-03,192.9078826904297,193.8623374845637,191.4066207978332,191.784412862338,50080500
2024-06-04,193.22604370117188,194.19043522355722,191.91367022597112,193.51435990194162,47471400
2024-06-05,194.7372283935547,195.76127042413225,193.74301165159252,194.269945311189,54156800
2024-06-06,193.3552703857422,195.3635924798522,193.04706561878618,194.55827933508485,41181800
2024-06-07,195.7513427734375,195.80105664694403,193.01724660656404,193.52429170702464,53103900
2024-06-10,192.00314331054688,196.1589774177998,191.03875180216343,195.76128159599278,97010200
2024-06-11,205.95199584960938,205.96194772636147,192.51019617172983,192.53006958414636,172373300
2024-06-12,211.83778381347656,218.9265393804105,205.7034527218097,206.1707358379729,198134300
2024-06-13,213.00099182128906,215.49647028335949,210.37626033331,213.49810017257707,97862700
2024-06-14,211.2611083984375,213.9256018265929,210.07798811856898,212.61324369392398,70122700
2024-06-17,215.4169464111328,217.6837594401996,211.4897931914233,212.13602802573277,93728300
2024-06-18,213.05067443847656,217.36558613157078,211.76814166400058,216.33159234343563,79943300
2024-06-20,208.46737670898438,213.0010181769571,207.64219009381964,212.69279821776487,86172500
2024-06-21,206.2900390625,210.66458669732776,205.91223184266303,209.17326157128963,241805100
2024-06-24,206.936279296875,211.46990537136972,205.39524025887107,206.51871007112354,80727000
2024-06-25,207.86090087890625,210.15753911842552,207.40355450398363,207.94042486793816,55549700
2024-06-26,212.01670837402344,213.6173978459433,209.42180221570723,210.2768291728298,66213200
2024-06-27,212.86181640625,214.49233130131694,211.1219370597224,213.4484006592916,49772700
2024-06-28,209.40191650390625,214.8204096554565,209.08377504858177,214.52214161134154,82542700
2024-07-01,215.4964599609375,216.25205915730615,210.69439169705225,210.86340670792907,60402900
2024-07-02,218.99612426757812,219.10548871515067,213.85602557275527,214.89994100712372,58046200
2024-07-03,220.2687225341797,220.2687225341797,217.76329209306175,218.72768354780237,37369800
2024-07-05,225.03102111816406,225.14038557018992,220.36814201808318,220.36814201808318,60412400
2024-07-08,226.50247192382812,226.53229721329785,221.95889400104966,225.7766827586142,59085900
2024-07-09,227.35748291015625,228.07332019577044,225.0608446065374,226.6118203351868,48076100
2024-07-10,231.63262939453125,231.732057144285,227.92420492099558,227.97391879587246,62627700
2024-07-11,226.25390625,231.04602295166967,224.46431311990926,230.0518062316796,64710600
2024-07-12,229.20669555664062,231.294556551059,227.3574520151832,227.59606946814418,53046500
2024-07-15,233.04440307617188,235.8580383346859,231.7419815445035,235.11237576276483,62631300
2024-07-16,233.46200561523438,234.9036169989066,230.98640022261384,233.6409573645456,43234300
2024-07-17,227.55633544921875,230.1214164943178,225.32928445945876,228.1230311101644,57345900
2024-07-18,222.8834991455078,229.10730558155058,220.9845567217071,228.94822726389444,66034600
2024-07-19,223.0127716064453,225.48837694008958,221.98872949944,223.5198318918375,49151500
2024-07-22,222.66481018066406,226.46271062110856,221.79983121381875,225.69715940648985,48201800
2024-07-23,223.70870971679688,225.6275559695254,221.3921828247117,223.07241159149987,39960300
2024-07-24,217.276123046875,223.4999296447353,215.8742889513949,222.70455320631825,61777600
2024-07-25,216.23220825195312,219.57277716709376,213.3787958392943,217.663867640833,51391200
2024-07-26,216.69949340820312,218.22064384945838,214.76075857434793,217.4352041073067,41601300
2024-07-29,216.97787475585938,218.0317421116191,214.50226952108,215.70527849563507,36311800
2024-07-30,217.53463745117188,219.05578793157815,214.87012855591783,217.92238139381377,41643800
2024-07-31,220.795654296875,222.52559687691686,219.35404306544518,220.1593561933901,50036300
2024-08-01,217.09718322753906,223.1817852498598,215.76493634313655,223.07242079394348,62501000
2024-08-02,218.58848571777344,224.29529507499745,216.45092586682142,217.88258518105536,105568600
2024-08-05,208.0597381591797,212.26527065556354,194.866477978878,197.9386040162881,119548600
2024-08-06,206.03152465820312,208.7755724881847,199.90716125146164,204.11269368890086,69660500
2024-08-07,208.6065673828125,212.40446750854989,205.19639601521322,205.70344110024527,63516400
2024-08-08,212.07638549804688,212.9612378528938,207.62229843313003,211.87754516998305,47161100
2024-08-09,214.98944091796875,215.5263113015057,210.7441310403627,210.8733840757052,42201600
2024-08-12,216.5222930908203,218.49311650663688,214.60124108809114,215.0690650325273,38028100
2024-08-13,220.24497985839844,220.86210287308924,217.99543949730662,217.99543949730662,44155300
2024-08-14,220.69288635253906,221.99681536538918,218.68223972219693,219.54821978702563,41960600
2024-08-15,223.6790008544922,224.3060872818483,221.72807374055304,223.55956160665437,46414000
2024-08-16,225.00283813476562,225.77922361016536,222.6139468974481,222.88270038911833,44340200
2024-08-19,224.84356689453125,224.94310972106823,222.00676340736013,224.67435623990076,40687800
2024-08-20,225.46067810058594,226.117624269924,224.405591022129,224.7241158999058,30299000
2024-08-21,225.35121154785156,226.92389412945442,224.00747444255492,225.4706659840429,34765500
2024-08-22,223.4898681640625,227.28221598709214,222.86278176595104,226.7347608131935,43695300
2024-08-23,225.7891845703125,227.1627967296477,223.29081734176486,224.6146580830755,38677300
2024-08-26,226.12759399414062,226.22713682494347,222.85284141893553,225.7095414433551,30602200
2024-08-27,226.97366333007812,227.7898720189865,223.84820980142854,224.9530683997657,35934600
2024-08-28,225.44081115722656,228.79519507876157,224.6345506504951,226.86417952209132,38052200
2024-08-29,228.72549438476562,231.84099956412553,227.819721489883,229.03407107214645,51906300
2024-08-30,227.9391632080078,229.33267166766268,226.42620031745173,229.123652992766,52990800
2024-09-03,221.738037109375,227.9391727978887,220.1454429272487,227.4912604304481,50190600
2024-09-04,219.82691955566406,220.75260404502964,216.47252073588626,220.6331648046219,43840200
2024-09-05,221.34982299804688,224.43545304440553,220.49380636570692,220.60329739500978,36615400
2024-09-06,219.79705810546875,224.1965806221913,218.75191919539128,222.91254804497814,48423000
2024-09-09,219.8866424560547,220.24497537072617,215.7061019102892,219.79706302441255,67180000
2024-09-10,219.09034729003906,220.45399594379384,215.72600018375593,217.905857501112,51591000
2024-09-11,221.6285400390625,222.05654079085224,216.88063262193214,220.43410202901993,44587100
2024-09-12,221.738037109375,222.51442259643306,218.8017058249269,221.46928361366915,37455600
2024-09-13,221.4692840576172,223.00214343080088,220.8820208371711,222.54428285449177,36766600
2024-09-16,215.3179168701172,216.21374159471785,212.92902562434276,215.5368837592455,59357400
2024-09-17,215.78570556640625,215.89519659483264,213.50632075947794,214.75053008791312,45519300
2024-09-18,219.6676788330078,221.6783256446234,216.53226176931298,216.54222516573412,59894900
2024-09-19,227.8097686767578,228.75538000957175,223.58941994126667,223.94775287051627,66781300
2024-09-20,227.1428680419922,232.01021467188832,226.56555305015522,228.90467282845125,318679900
2024-09-23,225.42088317871094,228.38707413181643,224.7639369712135,226.2868480598011,54146000
2024-09-24,226.31671142578125,228.28755007923567,224.6843092769655,227.59078065470555,43556100
2024-09-25,225.3213348388672,226.23707111110926,222.9822303399746,223.88800321688734,42308700
2024-09-26,226.46603393554688,227.4414899021518,224.36580775387156,226.24705185494724,36636700
2024-09-27,226.73475646972656,228.45675318264773,226.24703611440785,227.40166606122023,34026000
2024-09-30,231.92063903808594,231.92063903808594,228.58615167195362,228.97434440874213,54541900
2024-10-01,225.162109375,228.58616112900037,222.70355021092283,228.45677367012016,63285000
2024-10-02,225.7294464111328,226.31670960653594,221.98686997976517,224.84356992020335,32880600
2024-10-03,224.62460327148438,225.75932172190863,222.28549853682156,224.09705966134615,34044200
2024-10-04,225.7493438720703,226.94378179124593,223.0917145657714,226.84423896960539,37245100
2024-10-07,220.6630401611328,224.64451046166124,220.3047072265611,223.4600206171574,39505400
2024-10-08,224.72413635253906,224.93315503301397,222.2158058701156,223.26094483680066,31855700
2024-10-09,228.47665405273438,228.68568791487783,223.78848153487698,224.18662246797504,33591100
2024-10-10,227.97897338867188,228.43684913724616,226.11764095959848,226.72481576308653,28183500
2024-10-11,226.4958953857422,228.34727968813561,226.28686151162026,228.23778864704394,31759200
2024-10-14,230.228515625,230.65651637799863,227.54102629778745,227.64055393917852,39882100
2024-10-15,232.76669311523438,236.38983016358188,231.29353829774286,232.527799450427,64751400
2024-10-16,230.70628356933594,231.0447048824563,228.7752681420796,230.52712470524975,34082200
2024-10-17,231.07456970214844,232.76670668063704,229.4521309302649,232.348638945834,32993800
2024-10-18,233.91136169433594,235.0858880500012,232.92594240501305,235.0858880500012,46431500
2024-10-21,235.38449096679688,235.752787252213,233.36389625282138,233.36389625282138,36254500
2024-10-22,234.76739501953125,235.12572795126604,231.52250221800776,232.80651969699693,38846600
2024-10-23,229.6909942626953,234.05070868615385,226.70489182210235,232.99562158724072,52287000
2024-10-24,229.5019073486328,229.75074924052936,227.35190975750177,228.9146289407981,31109500
2024-10-25,230.3380126953125,232.13962556438537,228.5065400142299,228.6757506783198,38802300
2024-10-28,232.31878662109375,233.6426273223557,231.4727332926884,232.23917058038825,36087100
2024-10-29,232.58753967285156,233.24448591818899,231.24380255804743,232.02018805231754,35417200
2024-10-30,229.03407287597656,232.38845656475567,228.48661770128336,231.5324398883544,47070900
2024-10-31,224.8634796142578,228.76531846185907,224.32597264925337,228.27758291037028,64370100
2024-11-01,221.8773651123047,224.30606415529357,219.2495956140762,219.94634980146594,65276700
2024-11-04,220.98153686523438,221.75792231303782,218.69220372782075,219.96627293386246,44944500
2024-11-05,222.4148712158203,222.91255498009295,220.11557465497725,220.7725208689619,28111300
2024-11-06,221.68824768066406,225.02273483375984,220.16533664224426,221.57875664968802,54561100
2024-11-07,226.4262237548828,226.82437991892823,223.52971550048886,223.5894351280695,42137700
2024-11-08,226.15716552734375,227.8511489598711,225.60910803907555,226.366414165256,38328800
2024-11-11,223.4368133544922,224.90161465065876,220.7164746065314,224.20409384410638,42005600
2024-11-12,223.4368133544922,224.79200315214243,222.5698957238352,223.75568869738083,40398300
2024-11-13,224.3236541748047,225.84824072641777,221.97200184604,223.2175800878685,48566200
2024-11-14,227.41270446777344,228.06039910056816,224.20409355692922,224.22402706703753,44923900
2024-11-15,224.2041015625,226.11730807125568,223.47668806811174,225.59914322363005,47923700
2024-11-18,227.21340942382812,228.92732633570628,224.3734848929754,224.45320372664565,44633700
2024-11-19,227.4724884033203,229.34584301691135,225.8582238051146,226.17708394083317,36211800
2024-11-20,228.18994140625,229.11664435033194,225.0909420304879,227.25326410482543,35169600
2024-11-21,227.71165466308594,229.3458528412815,224.91159698015457,228.07038183414417,42108300
2024-11-22,229.05686950683594,229.90386885981255,227.2532745036032,227.2532745036032,38168300
2024-11-25,232.04624938964844,232.42491005721112,228.92733167542056,230.64124862727573,90152800
2024-11-26,234.228515625,234.73672132395913,232.50463944229026,232.50463944229026,45986200
2024-11-27,234.0989532470703,234.85627456038557,232.98291999142185,233.6405889619916,33498400
2024-11-29,236.490478515625,236.96877632211965,233.14236346053607,233.97938842310504,28481400
2024-12-02,238.74246215820312,239.93821419453454,236.32106542499292,236.43067691527065,48137100
2024-12-03,241.79165649414062,241.90126799408412,238.05492154808562,238.96170621081686,38861000
2024-12-04,242.150390625,243.2465056559754,240.3966217802532,242.01088645785893,44383900
2024-12-05,242.18026733398438,243.6749612569442,241.27349790971317,243.12691898237586,40033900
2024-12-06,241.98097229003906,243.7646488451358,241.2236661935451,242.0507319698173,36870600
2024-12-09,245.8771514892578,246.36542364679892,240.89483838917155,240.97455722335047,44649200
2024-12-10,246.8935546875,247.33200068563022,244.47214254503118,246.0166626912396,36914800
2024-12-11,245.6180877685547,249.91283942191654,245.38889040813984,247.08288910248365,45205800
2024-12-12,247.08287048339844,247.8601100871407,244.81092178998352,246.0166482138882,32777500
2024-12-13,247.2522735595703,248.40815863747187,245.36895982515324,246.9433725816478,33155300
2024-12-16,250.1519775390625,250.490786396497,246.7739697560149,247.1127786134494,51694800
2024-12-17,252.58334350585938,252.93211150871377,248.89643481128522,249.1953766416157,51356400
2024-12-18,247.1725616455078,253.38051965426092,246.86366065893745,251.26802371656945,56774100
2024-12-19,248.90640258789062,251.1085917693189,246.21595643132494,246.6245097734382,60882300
2024-12-20,253.58978271484375,254.09797318748596,244.82090844231297,247.1625865233097,147495300
2024-12-23,254.3670196533203,254.7456651132031,252.55345036958022,253.8687883386418,40858800
2024-12-24,257.28668212890625,257.2966260773909,254.386956808638,254.58626151312842,23234700
2024-12-26,258.1037292480469,259.1799258751944,256.7186620602343,257.27667867815336,27237100
2024-12-27,254.6858673095703,257.78488174803636,252.16481819720389,256.91793375888693,42355300
2024-12-30,251.30787658691406,252.60328106925755,249.86300878941353,251.33776924994547,35557500
2024-12-31,249.5341796875,252.38406352835983,248.54767617168994,251.5470385357527,39480700
2025-01-02,242.98741149902344,248.21884015778812,240.96459363401945,248.04942813526918,55740700
2025-01-03,242.49916076660156,243.31625226562878,241.03435939639962,242.49916076660156,40244100
2025-01-06,244.1333465576172,246.45510633108967,242.33971076643533,243.4457849039297,45045600
2025-01-07,241.3532257080078,244.681407317594,240.496267218822,242.12049100282684,40856000
2025-01-08,241.84149169921875,242.8479287466886,239.2008716539854,241.0642520177986,37628900
2025-01-10,236.01219177246094,239.3104808095479,232.17580437363205,239.16100228470233,61710900
2025-01-13,233.5708465576172,233.8398957390806,228.90740850459227,232.7039288898965,49630700
2025-01-14,232.45480346679688,235.28475371553364,231.6476711610837,233.91960476413306,39435300
2025-01-15,237.028564453125,238.11472029161553,233.60073052224158,233.80999436776753,39832000
2025-01-16,227.4525604248047,237.1680713225123,227.22337827123218,236.51041752509497,71759100
2025-01-17,229.1664581298828,231.46828423922307,227.6717642713697,231.29888742650238,68488300
2025-01-21,221.85243225097656,223.62613445935494,218.6039696546368,223.20762199269615,98070400
2025-01-22,223.03823852539062,223.3272060060417,219.01252087308487,219.01252087308487,64126500
2025-01-23,222.86883544921875,226.22690964639077,221.51364566438272,223.94501691407203,60234800
2025-01-24,221.991943359375,224.831867935065,220.6267944226493,223.9848686181573,54697900
2025-01-27,229.04690551757812,231.32879829775732,223.18770026542342,223.2275672861503,94863400
2025-01-28,237.4171905517578,239.3403714135585,229.99354669273774,230.03341371427896,75707600
2025-01-29,238.5133056640625,239.01153699982427,233.1822242894862,233.2918357915463,45486100
2025-01-30,236.7495574951172,239.93823493591583,236.37091202718113,237.82573898228924,55658300
2025-01-31,235.16519165039062,246.31561143302469,232.61424963135997,246.31561143302469,100959800
2025-02-03,227.2034454345703,231.00994009075862,224.90161912474946,229.1764524471141,73063300
2025-02-04,231.97650146484375,232.3053359547129,225.84824721606736,226.44613087124998,45067300
2025-02-05,231.64767456054688,231.84696405052938,227.46253445166022,227.72160926815613,39620300
2025-02-06,232.39501953125,232.9729696905443,229.61488023403817,230.47183871784506,29925300
2025-02-07,226.82479858398438,233.17226081850333,226.45609706307513,231.77721918612997,39707200
2025-02-10,227.0941162109375,230.02693972945139,226.64521806905947,229.0094413336025,33115600
2025-02-11,232.052001953125,234.6556296697615,227.57297502290857,227.64279618723114,53718400
2025-02-12,236.29161071777344,236.38140252594314,230.11672290007743,230.63545743654387,45243300
2025-02-13,240.94024658203125,241.74826634141837,234.99480784534867,236.33153226758247,53614100
2025-02-14,244.00274658203125,244.9504238462646,240.40156080072015,240.66092045804314,40896200
2025-02-18,243.87306213378906,244.58131995427482,241.2494791133952,243.55383619329416,48822500
2025-02-19,244.27207946777344,245.40929524371262,242.56626341463,244.06260076305156,32204200
2025-02-20,245.229736328125,246.1774135823035,243.69348816231408,244.34191013103748,32316900
2025-02-21,244.95042419433594,248.08275639920348,244.6212281548445,245.34944139409683,53197400
2025-02-24,246.49664306640625,248.25234005966587,243.82317911276243,244.3319283268952,51326400
2025-02-25,246.43678283691406,249.38956194785018,244.3119941197594,247.3944454522674,48013300
2025-02-26,239.77308654785156,244.3818005030484,238.5460942392985,243.7333937698084,44433600
2025-02-27,236.72056579589844,241.86796980219768,236.48114634623442,238.82541422357912,41153600
2025-02-28,241.24948120117188,241.49887076126774,229.63790389196947,236.37142201455794,56833400
2025-03-03,237.4487762451172,243.43412542285543,235.53346633482454,241.19958958341564,47184000
2025-03-04,235.35391235351562,239.4838181516717,234.10696453181083,237.1295800554318,53798100
2025-03-05,235.1643829345703,235.97240266650644,228.67026910680244,234.84515699420854,47227600
2025-03-06,234.75538635253906,237.27920752401755,232.59068676229822,233.86756011302523,45170400
2025-03-07,238.4862518310547,240.78062356819368,234.1867631010968,234.53591456798168,46273600
2025-03-10,226.92454528808594,235.583358769024,223.6725108894593,234.96486230654432,72071200
2025-03-11,220.30076599121094,225.2885573705892,216.91904404485373,223.26351528828414,76137400
2025-03-12,216.45018005371094,221.20853706339403,214.38524243690583,219.60246770742089,62547500
2025-03-13,209.1680145263672,216.31053552178076,207.9110965632093,215.4227092543014,61368300
2025-03-14,212.96871948242188,213.42758776028128,209.06826301296118,210.7341834889886,60107600
2025-03-17,213.4774627685547,214.69448503570536,209.4573042902151,212.78914514941675,48073400
2025-03-18,212.170654296875,214.62463892519543,210.97358751075308,213.63706605687162,42432400
2025-03-19,214.7144317626953,218.22582565599035,213.22806456968678,213.6969181399133,54385400
2025-03-20,213.5772247314453,216.9589465476154,211.70181037410745,213.46749271646212,48862900
2025-03-21,217.73703002929688,218.30563028145062,210.764092813104,211.04340788811464,94127800
2025-03-24,220.19102478027344,220.93919345594836,218.04628066528426,220.460369765545,44299500
2025-03-25,223.2036590576172,223.55281053469957,219.54262209652958,220.23093972638688,34493600
2025-03-26,220.9890594482422,224.47054292972726,219.93165022699972,222.96422035625233,34466100
2025-03-27,223.30340576171875,224.4406214835582,220.0214308095873,220.84940592957574,37094800
2025-03-28,217.36793518066406,223.26350805320467,217.1484711493609,221.12873402087155,39818600
2025-03-31,221.58761596679688,225.06908447075043,215.7020132379398,216.48010744476517,65299300
2025-04-01,222.64501953125,223.13381331282267,218.36548628233527,219.27326790744206,36412700
2025-04-02,223.3433074951172,224.6401362151353,220.4803202973195,220.77959080525144,35905900
2025-04-03,202.69386291503906,206.9833664271943,200.75859747782033,205.03811566571247,103419000
2025-04-04,187.92002868652344,199.39194860307396,186.88255957870848,193.4165691841804,125910900
2025-04-07,181.0169219970703,193.6759230716255,174.19361217758157,176.76731422169505,160466300
2025-04-08,171.99899291992188,189.87523506652792,168.79683943762106,186.244123618335,120859500
2025-04-09,198.3644561767578,200.1201531468693,171.47028013366514,171.53013119082922,184395900
2025-04-10,189.95504760742188,194.30440235729913,182.55316692796467,188.6083530498886,121880000
2025-04-11,197.66615295410156,199.05275825525484,185.60567786476867,185.64558871717136,87435900
2025-04-14,202.02549743652344,212.42005238891582,200.66881763194172,210.9237150406947,101352900
2025-04-15,201.64642333984375,203.01307326666696,199.31214069618733,201.36710824854455,51343900
2025-04-16,193.79563903808594,200.2099310657198,191.9002692932641,197.8756484915953,59732400
2025-04-17,196.4990234375,198.34451232255947,193.9452767059697,196.71848747425943,52164700
2025-04-21,192.68833923339844,193.32677585155812,189.3465132845993,192.79807124065385,46742500
2025-04-22,199.25228881835938,201.097762433896,195.49148998245192,195.64111763020085,52976400
2025-04-23,204.10043334960938,207.4921254657249,202.30482537338813,205.49700887470834,52929200
2025-04-24,207.8612060546875,208.32008954356945,202.44447210591895,204.38970763388747,47311000
2025-04-25,208.76898193359375,209.2378355121778,205.69650080604464,205.86608387594285,38222300
2025-04-28,209.62689208984375,210.98357193193158,206.95344326011445,209.48723454234343,38743100
2025-04-29,210.69427490234375,211.72175863443914,207.86119803545407,208.18042396697467,36827600
2025-04-30,211.9811248779297,213.0584895980106,206.16535854293033,208.78894157113288,52286500
2025-05-01,212.79913330078125,214.0360957896086,208.3899124386699,208.56948083895412,57365700
2025-05-02,204.8485870361328,206.48458191182934,201.66637387157866,205.58677037884885,101010600
2025-05-05,198.40435791015625,203.60164304236298,197.72602561272546,202.6040848015313,69018500
2025-05-06,198.0252685546875,200.16004244803628,196.53891661034845,197.72601327833053,51216500
2025-05-07,195.7707977294922,198.95301083885846,192.77812311451905,198.6836658614824,68536700
2025-05-08,197.00778198242188,199.56152863729463,194.20463054641704,197.2372161152265,50478900
2025-05-09,198.0452423095703,200.0503289543839,197.05765414160055,198.51409591462888,36453900
2025-05-12,210.55104064941406,211.03050749278242,206.5156271207593,210.7308445260501,63775800
2025-05-13,212.68861389160156,213.1580823159532,208.76307628033234,210.19144790738707,51909300
2025-05-14,212.08929443359375,213.69746987061376,210.34127831689767,212.18917192393894,49325800
2025-05-15,211.21029663085938,212.71859464512332,209.30245815432872,210.71086343228015,45029500
2025-05-16,211.0205078125,212.32903558469047,209.53220664773164,212.11926693678467,54737900
2025-05-19,208.54331970214844,209.24252311349682,204.02843943795537,207.67431083672193,46140500
2025-05-20,206.62550354003906,208.2336790492342,204.79757620413463,207.4345828831543,42496600
2025-05-21,201.86090087890625,206.80528635778637,200.4824756537251,204.93741112479617,59211800
2025-05-22,201.13172912597656,202.52015274475195,199.4736073247078,200.48247209416806,46742400
2025-05-23,195.04864501953125,197.4758830409797,193.24069928507132,193.45045269257122,78432900
2025-05-27,199.98304748535156,200.51244545494848,197.20618488735448,198.07520901450675,56288500
2025-05-28,200.1927947998047,202.50017366149785,199.67338002302156,200.36260025266836,45339700
2025-05-29,199.72332763671875,203.57895243464628,198.28495762525483,203.3492174371598,51396800
2025-05-30,200.622314453125,201.73105672211125,196.55692105301176,199.14398126681596,70819900
2025-06-02,201.47134399414062,201.9008644592711,199.89313329888972,200.05295557621693,35423300
2025-06-03,203.03956604003906,203.5389992121068,200.7321872237246,201.1217444882778,46381600
2025-06-04,202.590087890625,206.00620910456834,201.8709028727957,202.67998220748078,43604000
2025-06-05,200.40257263183594,204.5178973620389,199.92310578136215,203.26931435006063,55126100
2025-06-06,203.68882751464844,205.4668084267123,201.82095228760733,202.76987228695742,46607700
2025-06-09,201.2216339111328,205.76647909477697,199.79326227022588,204.15830357568726,72862600
2025-06-10,202.44024658203125,204.11835001917973,200.34263633745982,200.3726011094186,54672600
2025-06-11,198.55465698242188,204.26817387189894,198.18508130061548,203.26930749599725,60989900
2025-06-12,198.97418212890625,199.45363372918547,197.13627162659284,198.85432303920933,43904600
2025-06-13,196.227294921875,200.1428492549886,195.47814514596445,199.50357538920457,51447300
2025-06-16,198.195068359375,198.46476655376847,196.33717625414866,197.07634287373045,43020700
2025-06-17,195.418212890625,198.16509536417735,194.98870767431248,196.97644196425614,38856200
2025-06-18,196.35714721679688,197.3460303816964,194.84886452825484,195.71787336797544,45394700
2025-06-20,200.7721405029297,201.47134391409438,196.6368343380514,198.01527480684123,96813500
2025-06-23,201.27157592773438,202.07067208145295,198.73446202428119,201.40143343464243,55814300
2025-06-24,200.07293701171875,203.2093768046809,199.9730442780961,202.36033429336192,54064000
2025-06-25,201.33151245117188,203.43912119943792,200.39257558111612,201.2216365357081,39525700
2025-06-26,200.7721405029297,202.41028074115465,199.23389299836737,201.20164572639828,50799100
2025-06-27,200.85205078125,202.98962419564972,199.77327327657756,201.66113009938155,73188600
2025-06-30,204.93740844726562,207.15489297707504,199.0341046248948,201.78098710410558,91912800
2025-07-01,207.58441162109375,209.95171998702364,205.90630823197938,206.4357061767528,78788900
2025-07-02,212.1991729736328,213.09814660534315,207.9040445567577,208.6731759252599,67941800
2025-07-03,213.30792236328125,214.40666625629999,211.56988934364432,211.90950026104147,34955800
2025-07-07,209.7119903564453,215.9848699115094,208.56330013289198,212.43889126622693,50229000
2025-07-08,209.7719268798828,211.1903153368944,208.213697736729,209.86183643928914,42848900
2025-07-09,210.90065002441406,211.09043707809712,206.98509558510867,209.2924745188519,48749400
2025-07-10,212.16920471191406,213.23798377907798,209.7918979255535,210.27134950514616,44443600
2025-07-11,210.92062377929688,211.88952536572023,209.6220944658076,210.33129628612954,39765800
2025-07-14,208.3834991455078,210.67091168904602,207.3047216270235,209.69201166358403,38840100
2025-07-15,208.87295532226562,211.64980271899068,208.6831682659836,208.9828312368767,42296300
2025-07-16,209.92176818847656,212.1592191902425,208.40348697906978,210.06160887608695,47490500
2025-07-17,209.78192138671875,211.5599023237274,209.35240091776063,210.33130094399476,48068100
2025-07-18,210.9405975341797,211.54990664350106,209.46227954032304,210.63095139102305,48974600
2025-07-21,212.23912048339844,215.53538252867688,211.39009321998003,211.8595616297783,51377400
2025-07-22,214.15695190429688,214.7063314773177,211.9894136266437,212.89838571641525,46404100
2025-07-23,213.9072265625,214.90609293027538,212.1692088371252,214.75626907170553,46989300
2025-07-24,213.51766967773438,215.44548969662856,213.28793468034502,213.65751035981805,46022600
2025-07-25,213.63754272460938,214.9960015887686,213.15807589620647,214.45660521718813,40268800
2025-07-28,213.80735778808594,214.60645396318566,212.81847455673218,213.78737619229818,37858000
2025-07-29,211.03050231933594,214.5664825639156,210.58101550100253,213.93719187335407,51411700
2025-07-30,208.81301879882812,212.14922883427738,207.48452469073794,211.65977882345743,45512500
2025-07-31,207.33470153808594,209.60211724381097,206.92516266487007,208.25365677749065,80698400
2025-08-01,202.1505889892578,213.33788973606855,201.27158167093614,210.63095505795985,104434500
2025-08-04,203.11949157714844,207.64435521756303,201.4513712516652,204.27816503495924,75109300
2025-08-05,202.68995666503906,205.1072113881769,201.93082373064988,203.1694082424696,44155100
2025-08-06,213.0082550048828,215.1358452662651,205.35693489516686,205.39689808550258,108483100
2025-08-07,219.7805633544922,220.59964108330854,216.33447747046458,218.63187314031333,90224800
2025-08-08,229.0900115966797,230.73813503605493,219.00145500716468,220.57966572513484,113854000
2025-08-11,227.17999267578125,229.55999755859375,224.75999450683594,227.9199981689453,61806100
2025-08-12,229.64999389648438,230.8000030517578,227.07000732421875,228.00999450683594,55626200
2025-08-13,233.3300018310547,235.0,230.42999267578125,231.07000732421875,69878500
2025-08-14,232.77999877929688,235.1199951171875,230.85000610351562,234.05999755859375,51916300
2025-08-15,231.58999633789062,234.27999877929688,229.33999633789062,234.0,56038700
2025-08-18,230.88999938964844,233.1199951171875,230.11000061035156,231.6999969482422,37476200
2025-08-19,230.55999755859375,232.8699951171875,229.35000610351562,231.27999877929688,39402600
2025-08-20,226.00999450683594,230.47000122070312,225.77000427246094,229.97999572753906,42263900
2025-08-21,224.89999389648438,226.52000427246094,223.77999877929688,226.27000427246094,30621200
2025-08-22,227.75999450683594,229.08999633789062,225.41000366210938,226.1699981689453,42477800
2025-08-25,227.16000366210938,229.3000030517578,226.22999572753906,226.47999572753906,30983100
2025-08-26,229.30999755859375,229.49000549316406,224.69000244140625,226.8699951171875,54575100
2025-08-27,230.49000549316406,230.89999389648438,228.25999450683594,228.61000061035156,31259500
2025-08-28,232.55999755859375,233.41000366210938,229.33999633789062,230.82000732421875,38074700
2025-08-29,232.13999938964844,233.3800048828125,231.3699951171875,232.50999450683594,39418400
2025-09-02,229.72000122070312,230.85000610351562,226.97000122070312,229.25,44075600
2025-09-03,238.47000122070312,238.85000610351562,234.36000061035156,237.2100067138672,66427800
2025-09-04,239.77999877929688,239.89999389648438,236.74000549316406,238.4499969482422,47549400
2025-09-05,239.69000244140625,241.32000732421875,238.49000549316406,240.0,54870400
2025-09-08,237.8800048828125,240.14999389648438,236.33999633789062,239.3000030517578,48999500
2025-09-09,234.35000610351562,238.77999877929688,233.36000061035156,237.0,66313900
2025-09-10,226.7899932861328,232.4199981689453,225.9499969482422,232.19000244140625,83440800
2025-09-11,230.02999877929688,230.4499969482422,226.64999389648438,226.8800048828125,50208600
2025-09-12,234.07000732421875,234.50999450683594,229.02000427246094,229.22000122070312,55824200
2025-09-15,236.6999969482422,238.19000244140625,235.02999877929688,237.0,42699500
2025-09-16,238.14999389648438,241.22000122070312,236.32000732421875,237.17999267578125,63421100
2025-09-17,238.99000549316406,240.10000610351562,237.72999572753906,238.97000122070312,46508000
2025-09-18,237.8800048828125,241.1999969482422,236.64999389648438,239.97000122070312,44249600
2025-09-19,245.5,246.3000030517578,240.2100067138672,241.22999572753906,163741300
2025-09-22,256.0799865722656,256.6400146484375,248.1199951171875,248.3000030517578,105517400
2025-09-23,254.42999267578125,257.3399963378906,253.5800018310547,255.8800048828125,60275200
2025-09-24,252.30999755859375,255.74000549316406,251.0399932861328,255.22000122070312,42303700
2025-09-25,256.8699951171875,257.1700134277344,251.7100067138672,253.2100067138672,55202100
2025-09-26,255.4600067138672,257.6000061035156,253.77999877929688,254.10000610351562,46076300
2025-09-29,254.42999267578125,255.0,253.00999450683594,254.55999755859375,40127700
2025-09-30,254.6300048828125,255.9199981689453,253.11000061035156,254.86000061035156,37704300
