date,average_sentiment,close,open,price_difference
2020-10-01,0.264496,113.6037139892578,109.81010332254507,-3.7936106667127234
2020-10-02,0.19482,109.93655395507812,110.80227427302496,0.8657203179468382
2020-10-05,0.237484,113.32160949707033,112.5434428788478,-0.778166618222528
2020-10-06,0.103212,110.07274627685548,111.4929345429078,1.420188266052321
2020-10-07,0.13539199999999998,111.9403839111328,113.0784517020909,1.1380677909581038
2020-10-08,0.278152,111.8333740234375,112.13492056450798,0.3015465410704792
2020-10-09,0.253848,113.77881622314452,116.7844746826492,3.005658459504687
2020-10-12,0.28133600000000003,121.00607299804688,121.85235887523848,0.8462858771916046
2020-10-13,0.234436,117.79612731933594,117.69886347897864,-0.09726384035730007
2020-10-14,0.43141199999999996,117.88368225097656,115.48106448900047,-2.4026177619760887
2020-10-15,0.346344,117.4167709350586,117.97119397696682,0.5544230419082226
2020-10-16,0.23439466666666667,115.7728500366211,116.68721586654202,0.914365829920925
2020-10-19,0.47118000000000004,112.81580352783205,113.02980416838348,0.21400064055143275
2020-10-20,0.149376,114.30406951904295,113.48697056487585,-0.8170989541671076
2020-10-21,0.155068,113.6815185546875,114.24569636322538,0.5641778085378775
2020-10-22,0.255232,112.59207916259766,113.2146263110706,0.6225471484729468
2020-10-23,0.20788933333333334,111.90145874023438,110.89955881245989,-1.0018999277744882
2020-10-26,0.146748,111.91118621826172,112.3391745749253,0.42798835666357604
2020-10-27,0.079736,113.41889190673828,111.91117547954262,-1.5077164271956605
2020-10-28,0.098048,108.16620635986328,109.30430584931332,1.1380994894500418
2020-10-29,0.05425600000000001,112.17382049560548,108.03002883521329,-4.143791660392196
2020-10-30,0.0988,105.89005279541016,106.13323338437137,0.2431805889612093
2020-11-02,0.19011199999999998,105.80250549316406,106.66825263139128,0.8657471382272206
2020-11-03,0.16902799999999998,107.42697143554688,111.02600479592498,3.599033360378101
2020-11-04,0.051212,111.81390380859376,114.73206338089028,2.918159572296517
2020-11-05,0.174352,115.78260040283205,115.2905176092489,-0.4920827935831511
2020-11-06,0.21160666666666664,115.65104675292967,117.41471118065078,1.7636644277211104
2020-11-09,-0.010947999999999992,113.34173583984376,112.5914649825652,-0.750270857278565
2020-11-10,0.148232,113.0007095336914,114.18945127149736,1.1887417378059553
2020-11-11,0.24624400000000002,116.43055725097656,116.55723597528558,0.1266787243090164
2020-11-12,0.153768,116.15773010253906,116.38185824859464,0.22412814605557685
2020-11-13,0.17809066666666665,116.20646667480467,115.87516977446028,-0.3312969003443982
2020-11-16,0.105164,117.21984100341795,116.48903680048612,-0.7308042029318358
2020-11-17,0.15771600000000002,116.3331298828125,115.57310891661412,-0.7600209661983826
2020-11-18,0.189712,115.0079574584961,114.57922192592288,-0.4287355325732136
2020-11-19,0.354912,115.6023406982422,115.60235020034796,9.502105754677359e-06
2020-11-20,0.10333733333333334,114.33563232421876,114.1797070350925,-0.1559252891262588
2020-11-23,0.218256,110.93496704101562,110.9934577345429,0.05849069352727554
2020-11-24,0.057336,112.22119140625,112.5914676385363,0.3702762322863009
2020-11-25,0.28502,113.05917358398438,113.58534323153174,0.5261696475473627
2020-11-27,0.18311733333333335,113.60482788085938,113.97509336124736,0.37026548038798524
2020-11-30,0.145172,116.00183868408205,117.91164950975931,1.909810825677269
2020-12-01,0.37858400000000003,119.57786560058594,118.89579275045068,-0.6820728501352562
2020-12-02,0.225648,119.92865753173828,120.35737264430932,0.4287151125710409
2020-12-03,0.173428,119.79222869873048,119.46094830759232,-0.331280391138165
2020-12-04,0.2622733333333333,119.11991119384766,119.17837220495473,0.05846101110707025
2020-12-07,0.30125599999999997,120.58150482177734,121.18560441240832,0.6040995906309803
2020-12-08,0.329976,121.19534301757812,121.34153828117272,0.146195263594592
2020-12-09,0.131844,118.66194915771484,117.41472117824992,-1.247227979464924
2020-12-10,0.164768,120.08456420898438,119.29529488946088,-0.7892693195234983
2020-12-11,0.20305733333333334,119.27581024169922,119.46095361716566,0.18514337546643844
2020-12-14,0.231856,118.66194915771484,121.15638849281328,2.494439335098434
2020-12-15,0.08435600000000001,124.60575103759766,124.14779942243344,-0.45795161516421956
2020-12-16,0.191936,124.5375518798828,125.59963849451056,1.0620866146277592
2020-12-17,0.25746800000000003,125.4047622680664,125.65812910620394,0.2533668381375378
2020-12-18,0.1681533333333333,123.4170150756836,121.81899726937544,-1.5980178063081496
2020-12-21,0.177308,124.94680786132812,128.24028106231793,3.2934732009898084
2020-12-22,0.111052,128.5033721923828,128.77615987072127,0.2727876783384602
2020-12-23,0.250388,127.6068878173828,127.9577128863763,0.3508250689935011
2020-12-24,0.295292,128.591064453125,130.55931944043445,1.9682549873094501
2020-12-28,0.15684,133.190185546875,134.51538107187807,1.3251955250030676
2020-12-29,0.235624,131.4167938232422,132.10859581206566,0.691801988823471
2020-12-30,0.457572,130.2962188720703,130.6470123311244,0.3507934590540742
2020-12-31,0.280772,129.2926025390625,130.10136410422703,0.8087615651645308
2021-01-04,0.191004,126.09659576416016,125.58990196321088,-0.5066938009492787
2021-01-05,0.259916,127.6556167602539,124.44985429829092,-3.2057624619629905
2021-01-06,0.25948,123.35852813720705,125.07348804043062,1.7149599032235727
2021-01-07,0.153256,127.56793975830078,129.0392208425577,1.4712810842569297
2021-01-08,0.06850133333333333,128.66896057128906,125.88221147258122,-2.786749098707844
2021-01-11,0.249788,125.67758178710938,125.20986029323174,-0.46772149387763307
2021-01-12,0.22048,125.50218200683594,125.46321296847564,-0.03896903836029253
2021-01-13,0.221732,127.53868103027344,127.45102130334304,-0.08765972693039714
2021-01-14,0.247852,125.60941314697266,125.48270567821912,-0.126707468753537
2021-01-15,0.240984,123.88469696044922,124.50831458189415,0.6236176214449358
2021-01-19,0.20107200000000003,124.55703735351562,125.36579577837638,0.8087584248607556
2021-01-20,0.05914,128.64950561523438,130.3741523744166,1.7246467591822352
2021-01-21,0.294372,133.36553955078125,132.79065894872045,-0.5748806020608015
2021-01-22,0.22631199999999999,135.5092315673828,139.40684948015027,3.8976179127674584
2021-01-25,0.024816,139.26068115234375,139.92325867417892,0.6625775218351748
2021-01-26,0.13253600000000001,139.49452209472656,139.75761679075893,0.26309469603236835
2021-01-27,0.062552,138.42269897460938,135.947746278508,-2.474952696101383
2021-01-28,0.30198,133.5799560546875,132.35222218300785,-1.2277338716796464
2021-01-29,0.09138133333333333,128.58131408691406,130.32546101984542,1.7441469329313577
2021-02-01,0.264548,130.70547485351562,132.2547347662849,1.549259912769287
2021-02-02,0.10324799999999999,131.53369140625,132.2840133435427,0.7503219372927106
2021-02-03,0.16572800000000001,130.5106201171875,132.81015030717464,2.299530189987138
2021-02-04,0.057839999999999996,133.8722381591797,134.0332529018306,0.16101474265090587
2021-02-05,0.12559333333333333,133.45748901367188,132.7451425942424,-0.7123464194294797
2021-02-08,0.140776,133.60389709472656,133.3209020588762,-0.28299503585037655
2021-02-09,0.11673750000000001,132.7256317138672,133.18428060554035,0.4586488916731639
2021-02-10,-0.06630799999999999,132.12060546875,132.61830831642197,0.4977028476719738
2021-02-11,0.15020399999999998,131.86691284179688,131.10573109073752,-0.7611817510593539
2021-02-12,0.21040400000000004,132.10108947753906,132.21820236374853,0.11711288620946902
2021-02-16,0.11888000000000001,129.97373962402344,128.08058387844284,-1.8931557455806
2021-02-17,-0.035219999999999994,127.68048095703124,126.08008757945028,-1.6003933775809571
2021-02-18,0.352368,126.5777816772461,127.09496971320031,0.51718803595422
2021-02-19,0.154576,126.73389434814452,124.91881659012454,-1.8150777580199815
2021-02-22,-0.10883600000000002,122.95735931396484,120.77145942992853,-2.185899884036317
2021-02-23,0.06863599999999999,122.82074737548828,121.92294077973033,-0.897806595757956
2021-02-24,0.1406,122.32303619384766,121.66923290454903,-0.6538032892986223
2021-02-25,0.14078,118.0683364868164,119.62970286388716,1.5613663770707547
2021-02-26,0.2747266666666667,118.33182525634766,120.76168897682948,2.429863720481819
2021-03-01,0.13308799999999998,124.70413208007812,125.30915619930848,0.6050241192303503
2021-03-02,0.20654,122.09860229492188,121.79609628413596,-0.302506010785919
2021-03-03,0.145924,119.1125030517578,118.80998607618,-0.3025169755778023
2021-03-04,0.196176,117.2291030883789,118.05857574839612,0.8294726600172169
2021-03-05,0.10982933333333333,118.48794555664062,118.00976790681732,-0.47817764982330857
2021-03-08,0.045,113.55012512207033,116.15566368258474,2.605538560514418
2021-03-09,0.162972,118.1659164428711,118.75143927948164,0.5855228366105507
2021-03-10,0.018063999999999997,117.08273315429688,119.5809114437722,2.4981782894753195
2021-03-11,0.11828,119.0149154663086,117.49259955792482,-1.5223159083837743
2021-03-12,0.10742533333333332,118.10738372802734,118.47818777651618,0.37080404848883575
2021-03-15,0.205348,120.99588012695312,122.6646007020175,1.6687205750643699
2021-03-16,0.17313599999999998,122.5377426147461,121.05445274468458,-1.4832898700615118
2021-03-17,0.010204000000000001,121.74730682373048,119.91269661765824,-1.8346102060722416
2021-03-18,0.15492,117.61944580078124,117.00466041109058,-0.6147853896906526
2021-03-19,0.015553333333333334,117.0924835205078,117.42425788902442,0.33177436851661923
2021-03-22,0.128356,120.41036224365234,120.35182605450146,-0.05853618915088532
2021-03-23,0.192292,119.58090209960938,119.8541505236829,0.2732484240735289
2021-03-24,0.218172,117.19007110595705,116.65333847493577,-0.5367326310212803
2021-03-25,0.24110800000000002,117.677978515625,117.44379427923148,-0.23418423639351715
2021-03-26,0.12287066666666667,118.28302764892578,118.7123798784684,0.42935222954261576
2021-03-29,0.20254000000000003,118.45865631103516,117.20958959587136,-1.2490667151637922
2021-03-30,0.18598800000000001,117.0046615600586,118.71240660331844,1.7077450432598482
2021-03-31,0.173876,119.20033264160156,120.67385099174044,1.4735183501388747
2021-04-01,0.124836,120.02978515625,120.87879330428332,0.8490081480333203
2021-04-05,0.28410799999999997,122.85977172851562,123.44529812942912,0.5855264009134942
2021-04-06,0.286184,123.16230010986328,122.79146423199435,-0.37083587786892735
2021-04-07,0.196316,124.8114776611328,125.83608912328933,1.0246114621565283
2021-04-08,-0.179956,127.21204376220705,126.66562120912812,-0.5464225530789264
2021-04-09,0.191924,129.78834533691406,129.319889944631,-0.46845539228306166
2021-04-12,0.09464800000000001,128.07080078125,129.24182587765023,1.1710250964002284
2021-04-13,0.162932,131.1837615966797,131.68148427288168,0.4977226762019882
2021-04-14,0.21743600000000002,128.8417510986328,130.5885182593821,1.7467671607493003
2021-04-15,0.36343200000000003,131.25209045410156,131.05695257379082,-0.19513788031073886
2021-04-16,0.15230533333333332,130.9203338623047,130.28602285828595,-0.6343110040187412
2021-04-19,0.165392,131.5839080810547,131.7595258175455,0.17561773649080692
2021-04-20,0.092044,129.89564514160156,129.16375927769226,-0.731885863909298
2021-04-21,0.071268,130.27622985839844,129.8273498266732,-0.44888003172522417
2021-04-22,0.19565200000000002,128.75392150878906,128.9686026596944,0.21468115090533502
2021-04-23,0.15537333333333334,131.07644653320312,131.57412593099494,0.49767939779181347
2021-04-26,0.19445199999999999,131.46678161621094,131.74976832594788,0.28298670973694584
2021-04-27,0.09775600000000001,131.14474487304688,131.06667685708592,-0.0780680159609517
2021-04-28,0.146784,130.35430908203125,133.17454775379707,2.8202386717658214
2021-04-29,0.151692,130.25674438476562,128.59781797901675,-1.658926405748872
2021-04-30,0.20008266666666666,128.28555297851562,128.85150570899668,0.5659527304810581
2021-05-03,0.257384,129.3394317626953,128.02202969252124,-1.3174020701740687
2021-05-04,-0.13368400000000003,124.76268005371094,126.08008884148607,1.3174087877751361
2021-05-05,0.24357600000000001,125.00666046142578,124.80172333933864,-0.20493712208714499
2021-05-06,0.209712,126.6070556640625,127.90712250466862,1.3000668406061209
2021-05-07,0.23388266666666668,127.2815170288086,126.49950732025512,-0.7820097085534741
2021-05-10,0.07113200000000001,123.99707794189452,120.72242271776828,-3.274655224126235
2021-05-11,0.081972,123.0782241821289,120.62467824901437,-2.4535459331145404
2021-05-12,-0.095692,120.00884246826172,121.77813468651334,1.7692922182516213
2021-05-13,0.18404800000000002,122.15936279296876,123.4105791838984,1.2512163909296419
2021-05-14,0.14207333333333333,124.58358764648438,123.96776325099312,-0.6158243954912592
2021-05-17,0.053952,123.4301300048828,123.71360895337952,0.2834789484967217
2021-05-18,0.211844,122.04206848144533,120.39007750331018,-1.6519909781351458
2021-05-19,0.12986190476190476,121.88566589355467,122.41351748333902,0.5278515897843477
2021-05-20,0.146176,124.4467315673828,124.94528684228032,0.4985552748975266
2021-05-21,0.13146533333333335,122.60903930664062,123.17598087438682,0.5669415677461984
2021-05-24,0.292172,124.24146270751952,124.94526644040783,0.7038037328883178
2021-05-25,0.06046,124.04595947265624,124.10460458296264,0.05864511030640074
2021-05-26,0.26628399999999997,123.99707794189452,123.5963170673582,-0.40076087453631715
2021-05-27,0.062956,122.46240234375,122.74588055296678,0.28347820921678135
2021-05-28,0.13461733333333334,121.8074722290039,122.26690447420742,0.4594322452035158
2021-06-01,0.066328,121.48489379882812,121.4848962778378,2.479009680200761e-06
2021-06-02,0.093604,122.24735260009766,121.87588828071904,-0.37146431937861735
2021-06-03,0.055383999999999996,120.76152801513672,121.27961057589916,0.5180825607624371
2021-06-04,0.21166266666666667,123.05867767333984,123.33238286431768,0.27370519097783585
2021-06-07,0.114792,123.0684585571289,123.75271376689696,0.6842552097680539
2021-06-08,0.254052,123.88956451416016,124.34900792468662,0.4594434105264611
2021-06-09,-0.036312000000000004,124.27080535888672,124.16324952672848,-0.1075558321582406
2021-06-10,0.344084,123.27371978759766,123.68428989041196,0.4105701028143045
2021-06-11,0.23151999999999998,124.48584747314452,124.94527664789968,0.459429174755158
2021-06-14,0.306056,127.54544830322266,127.01758291150882,-0.5278653917138314
2021-06-15,0.167868,126.72432708740234,127.4379078960792,0.713580808676852
2021-06-16,0.21882400000000002,127.2228546142578,126.88073910539828,-0.34211550885952136
2021-06-17,0.357328,128.8259735107422,127.77027153665138,-1.055701974090809
2021-06-18,0.23680266666666663,127.52589416503906,127.3695047127403,-0.1563894522987681
2021-06-21,0.25218399999999996,129.32452392578125,129.158367024724,-0.16615690105726344
2021-06-22,0.25147600000000003,130.9667510986328,130.76147177632404,-0.205279322308769
2021-06-23,0.129304,130.6930389404297,131.42617997045056,0.7331410300208745
2021-06-24,0.025788,130.40957641601562,130.45842151503766,0.04884509902203149
2021-06-25,0.23763466666666666,130.1162872314453,130.40955023475712,0.2932630033118073
2021-06-28,0.163524,131.7487335205078,131.76829700396732,0.01956348345950687
2021-06-29,0.147412,133.26388549804688,133.1074740660687,-0.15641143197817087
2021-06-30,0.165,133.8797149658203,133.52780965332033,-0.35190531249998
2021-07-01,0.32238799999999995,134.1827392578125,134.7985885048526,0.6158492470401029
2021-07-02,0.22665008695652175,136.81227111816406,136.91977180863466,0.10750069047060151
2021-07-06,0.190276,138.82591247558594,140.3117092164722,1.4857967408862578
2021-07-07,0.11331999999999999,141.3185577392578,138.39583906582436,-2.922718673433451
2021-07-08,0.222516,140.0185089111328,139.53948199823574,-0.4790269128970692
2021-07-09,0.20530400000000001,141.84640502929688,142.92166987013806,1.0752648408411858
2021-07-12,0.08794,141.2501220703125,140.79069576168808,-0.45942630862441547
2021-07-13,0.21731999999999999,142.36448669433594,144.7691440589554,2.404657364619453
2021-07-14,0.20982800000000001,145.79551696777344,145.88351118749557,0.08799421972213395
2021-07-15,0.151128,145.14059448242188,145.12104675803545,-0.01954772438642749
2021-07-16,0.18954133333333334,143.09759521484375,140.5170272611207,-2.5805679537230617
2021-07-19,0.06668400000000001,139.2462615966797,140.23353355980825,0.9872719631285634
2021-07-20,0.328928,142.86302185058594,142.2569638271825,-0.6060580234034489
2021-07-21,0.011556000000000009,142.1298828125,142.65770872029785,0.5278259077978475
2021-07-22,0.214512,143.4983673095703,144.23153179548808,0.7331644859177686
2021-07-23,0.14247466666666667,145.21881103515625,144.93538242360168,-0.28342861155456944
2021-07-26,0.09711600000000001,145.63919067382812,145.76623976746671,0.12704909363858974
2021-07-27,0.11756000000000003,143.46910095214844,141.55315500100113,-1.9159459511473074
2021-07-28,0.08678000000000001,141.71932983398438,141.43585562825191,-0.2834742057324604
2021-07-29,0.12534,142.36448669433594,141.13283410460213,-1.2316525897338124
2021-07-30,0.23702800000000002,142.5795440673828,143.06832751008895,0.4887834427061364
2021-08-02,0.28644,142.24722290039062,142.53066410966022,0.28344120926959704
2021-08-03,0.21674,144.04580688476562,143.95782973398676,-0.08797715077886892
2021-08-04,0.206344,143.64501953125,143.6743456659774,0.029326134727398312
2021-08-05,0.06974,143.75254821777344,143.2728824177294,-0.4796658000440459
2021-08-06,0.17131333333333332,143.06729125976562,143.12601355653302,0.058722296767399484
2021-08-09,0.07606399999999999,143.01832580566406,143.36095456781464,0.34262876215058213
2021-08-10,0.15859199999999998,142.5386199951172,142.9791745889206,0.44055459380342654
2021-08-11,0.242816,142.7931671142578,143.11621825238865,0.3230511381308361
2021-08-12,0.197448,145.7594451904297,145.83780119397264,0.07835600354295025
2021-08-13,0.17330399999999999,145.96507263183594,145.41682586535111,-0.548246766484823
2021-08-16,0.16636800000000002,147.9425811767578,147.0712721415507,-0.8713090352071049
2021-08-17,0.098224,147.03211975097656,146.65034281258323,-0.3817769383933296
2021-08-18,0.146284,143.2826690673828,141.9806088621801,-1.3020602052027073
2021-08-19,0.372736,143.61549377441406,144.3399424051891,0.7244486307750435
2021-08-20,0.16492,145.0741729736328,145.1916525804989,0.11747960686608394
2021-08-23,0.30102,146.56222534179688,146.30768202395666,-0.25454331784021633
2021-08-24,0.126016,146.47410583496094,146.6600946599799,0.18598882501896696
2021-08-25,0.32537999999999995,145.24058532714844,145.23081728174645,-0.009768045401983727
2021-08-26,0.088688,144.43783569335938,144.37909428379132,-0.05874140956805718
2021-08-27,0.12355466666666666,145.47555541992188,145.86714409511154,0.39158867518966645
2021-08-30,0.31363199999999997,149.9005126953125,149.45019988712295,-0.4503128081895511
2021-08-31,0.206796,148.6376495361328,149.61666950242167,0.9790199662888597
2021-09-01,0.192176,149.3033905029297,150.63474806718364,1.331357564253949
2021-09-02,0.266436,150.41937255859375,150.52704024294897,0.10766768435522067
2021-09-03,0.22498933333333335,151.05569458007812,151.71162530218976,0.6559307221116342
2021-09-07,0.15448,153.3954620361328,153.67935544010308,0.28389340397026785
2021-09-08,0.117024,151.8486785888672,152.2206926173688,0.37201402850161003
2021-09-09,0.232876,150.83055114746094,151.74094925502655,0.9103981075656122
2021-09-10,0.11046933333333335,145.83773803710938,147.462872426403,1.6251343892936347
2021-09-13,0.194824,146.40557861328125,147.1887688532645,0.7831902399832416
2021-09-14,0.11688000000000001,145.00564575195312,145.43641106239744,0.43076531044431476
2021-09-15,0.05452,145.8965301513672,145.31889761636606,-0.5776325350011291
2021-09-16,0.22485599999999997,145.66152954101562,145.6909306748569,0.02940113384127585
2021-09-17,0.083444,142.98895263671875,140.7764886965952,-2.2124639401235413
2021-09-20,0.132744,139.9345703125,140.90373264714654,0.9691623346465406
2021-09-21,0.098888,140.41424560546875,141.412798340786,0.9985527353172472
2021-09-22,0.08450799999999999,142.7833709716797,143.56655947024234,0.7831884985626516
2021-09-23,0.0030720000000000035,143.74278259277344,142.5973847336097,-1.1453978591637508
2021-09-24,0.16902666666666666,143.8308868408203,142.41139522826984,-1.4194916125504733
2021-09-27,0.08208399999999999,142.31349182128906,140.2380609198885,-2.0754309014005514
2021-09-28,0.165252,138.92623901367188,139.4744272822133,0.5481882685414234
2021-09-29,0.151464,139.8268585205078,140.63946002714547,0.8126015066376624
2021-09-30,0.015043999999999993,138.52487182617188,138.91643462464168,0.39156279846980624
2021-10-01,0.2130626666666667,139.65066528320312,138.7793853125862,-0.8712799706169392
2021-10-04,0.219604,136.2144775390625,136.55710262635787,0.34262508729537444
2021-10-05,0.038952,138.14303588867188,136.5375096346514,-1.605526254020475
2021-10-06,0.171736,139.01431274414062,140.05204653772714,1.0377337935865114
2021-10-07,0.115996,140.27720642089844,141.00166195751655,0.7244555366181089
2021-10-08,0.012877333333333338,139.89541625976562,139.27867248276962,-0.6167437769960031
2021-10-11,0.035308,139.80731201171875,140.21847431623635,0.41116230451760316
2021-10-12,0.04150399999999999,138.53463745117188,138.27031362663757,-0.26432382453430137
2021-10-13,0.118244,137.94725036621094,139.1220034728704,1.174753106659466
2021-10-14,0.21099199999999999,140.7373046875,140.74712209396571,0.009817406465714384
2021-10-15,0.12276399999999998,141.79461669921875,140.43384767473086,-1.3607690244878938
2021-10-18,0.32518,143.4686737060547,143.91898215404882,0.45030844799413217
2021-10-19,0.167716,145.63218688964844,145.57345046006543,-0.058736429583007066
2021-10-20,0.1992,146.12167358398438,145.68115569570142,-0.4405178882829546
2021-10-21,0.125552,146.33706665039062,146.54264911827497,0.20558246788434076
2021-10-22,0.029854666666666658,145.5636749267578,145.55384660101817,-0.009828325739647426
2021-10-25,0.084576,145.5146942138672,146.19025006465017,0.6755558507829846
2021-10-26,0.111068,146.1804656982422,146.2195931401995,0.03912744195730511
2021-10-27,0.03168,145.72032165527344,146.66994215860282,0.9496205033293847
2021-10-28,0.17238,149.36212158203125,144.12458950466566,-5.237532077365586
2021-10-29,0.180524,146.6503448486328,145.85735569869297,-0.7929891499398423
2021-11-01,0.19964400000000002,145.82798767089844,145.5342868243143,-0.2937008465841302
2021-11-02,0.07013600000000002,146.86569213867188,147.22790166001485,0.3622095213429759
2021-11-03,0.15740400000000002,148.30477905273438,148.39290892226862,0.08812986953424229
2021-11-04,0.160936,147.78594970703125,148.9133844562671,1.1274347492358459
2021-11-05,0.08021466666666667,148.31533813476562,148.44279798435025,0.12745984958462486
2021-11-08,0.20982,147.49180603027344,147.2565220755238,-0.23528395474963304
2021-11-09,0.24231999999999998,147.8545684814453,147.08003104634736,-0.7745374350979546
2021-11-10,0.25698,145.02117919921875,146.04080309791993,1.0196238987011839
2021-11-11,0.11541599999999999,144.97215270996094,145.52117255185212,0.5490198418911802
2021-11-12,0.16847866666666667,147.0506134033203,147.42316906541586,0.37255566209555013
2021-11-15,0.23932000000000003,147.0604248046875,147.00162302853775,-0.058801776149749685
2021-11-16,0.121112,148.0408477783203,148.0408318977374,-1.5880582907357166e-05
2021-11-17,0.256676,150.48204040527344,150.69770497748678,0.2156645722133419
2021-11-18,0.184016,154.7761688232422,154.56050917485408,-0.2156596483881117
2021-11-19,0.17559333333333335,157.4036865234375,158.5115259485219,1.1078394250843928
2021-11-22,0.146792,157.86447143554688,157.96250097049108,0.09802953494420308
2021-11-23,0.265788,158.246826171875,157.59976712302952,-0.6470590488454775
2021-11-24,0.135272,158.76644897460938,156.44290597018036,-2.3235430044290126
2021-11-26,0.14966266666666667,153.7369842529297,156.24678611367216,2.5098018607424706
2021-11-29,0.23985199999999998,157.09974670410156,156.85467072649087,-0.24507597761069633
2021-11-30,0.10963600000000001,162.06060791015625,164.19791503738583,2.137307127229576
2021-12-01,0.196824,161.54103088378906,155.62916922602187,-5.91186165776719
2021-12-02,0.13202,160.55078125,160.80568201972204,0.2549007697220418
2021-12-03,0.12450266666666666,158.66839599609375,161.0703866988541,2.4019907027603438
2021-12-06,0.174804,162.08021545410156,165.7664958783119,3.686280424210338
2021-12-07,0.230468,167.82533264160156,168.7567404835119,0.9314078419103282
2021-12-08,0.231072,171.64892578125,171.4822766412019,-0.1666491400480936
2021-12-09,0.17999600000000002,171.13912963867188,171.776375163048,0.6372455243761124
2021-12-10,0.140316,175.9332733154297,177.57057822727617,1.6373049118464849
2021-12-13,0.196,172.2960205078125,171.81558876579217,-0.480431742020329
2021-12-14,0.17222400000000002,170.9136199951172,171.6783640596761,0.7647440645589256
2021-12-15,0.16170400000000001,175.7862548828125,175.7666019527164,-0.019652930096100363
2021-12-16,0.267548,168.88417053222656,166.59986915660923,-2.284301375617332
2021-12-17,0.218936,167.78616333007812,164.98220734461725,-2.803955985460874
2021-12-20,0.226068,166.42340087890625,168.19796079499608,1.774559916089828
2021-12-21,0.16774,169.59994506835938,169.64889893145047,0.04895386309109995
2021-12-22,0.264152,172.1979522705078,172.4038429011369,0.20589063062908508
2021-12-23,0.17792000000000002,172.82540893554688,173.6195253621372,0.7941164265903353
2021-12-27,0.13780799999999999,176.79603576660156,176.62940424561387,-0.16663152098769274
2021-12-28,0.237512,175.7764434814453,175.81569242846334,0.03924894701802373
2021-12-29,0.25372799999999995,175.86471557617188,175.95291006404696,0.08819448787508577
2021-12-30,0.15113200000000002,174.70779418945312,174.5999629626884,-0.10783122676471635
2021-12-31,0.20443733333333333,174.0901641845703,174.34506836720536,0.25490418263504466
2022-01-03,0.24462,178.44314575195312,179.05099416209845,0.6078484101453228
2022-01-04,0.22831600000000002,176.17840576171875,176.09017287650624,-0.08823288521250561
2022-01-05,0.256544,171.49208068847656,169.3155667126804,-2.176513975796155
2022-01-06,0.15324,168.62928771972656,169.50186605484046,0.8725783351139
2022-01-07,0.10555333333333333,168.7959747314453,165.76649860978034,-3.0294761216649704
2022-01-10,0.1494,168.8155517578125,168.9430194109857,0.12746765317319841
2022-01-11,0.23918399999999998,171.64892578125,172.6685372139698,1.0196114327198131
2022-01-12,0.186456,172.09010314941406,172.33519403667106,0.24509088725699257
2022-01-13,0.298248,168.8155517578125,167.98225196839817,-0.8332997894143261
2022-01-14,0.193356,169.67835998535156,168.1488926576498,-1.5294673277017523
2022-01-18,0.275256,166.472412109375,166.66850497918634,0.19609286981133778
2022-01-19,0.058192,162.97238159179688,163.70763710254857,0.7352555107516991
2022-01-20,0.04273199999999999,161.28604125976562,161.19785371976124,-0.08818754000438389
2022-01-21,0.08783066666666667,159.2272491455078,156.88412266083876,-2.3431264846690567
2022-01-24,0.266732,158.4527587890625,155.86444788627315,-2.5883109027893454
2022-01-25,0.271428,156.64877319335938,160.29591090449674,3.6471377111373613
2022-01-26,0.011807999999999996,156.56057739257812,159.26644379654334,2.705866403965217
2022-01-27,0.268972,156.09974670410156,162.4625632621154,6.362816558013833
2022-01-28,0.22358,166.9920196533203,166.8253561445004,-0.16666350881990866
2022-01-31,0.200232,171.3548126220703,170.5999083862923,-0.7549042357780138
2022-02-01,0.232852,171.1881561279297,171.32543772263608,0.13728159470639412
2022-02-02,0.11170400000000001,172.39407348632812,171.06068071470264,-1.3333927716254834
2022-02-03,0.308664,169.5116424560547,168.53002542285074,-0.9816170332039462
2022-02-04,0.2970426666666666,169.2270050048828,169.68837067678015,0.46136567189734023
2022-02-07,0.256384,168.51039123535156,168.57912565086542,0.06873441551385895
2022-02-08,0.111612,171.62225341796875,172.81981752201338,1.1975641040446305
2022-02-09,0.10763600000000001,173.04559326171875,170.9448550221314,-2.1007382395873435
2022-02-10,0.175124,168.9619140625,169.16807428684055,0.20616022434055026
2022-02-11,0.132772,165.5457763671875,164.299068164894,-1.2467082022934903
2022-02-14,0.223068,165.7813720703125,167.83304529637556,2.051673226063059
2022-02-15,0.078916,169.61964416503906,168.69692548039376,-0.9227186846453037
2022-02-16,0.17336400000000002,169.3840789794922,167.89191759255658,-1.4921613869356065
2022-02-17,0.143508,165.7813720703125,166.70415983864797,0.9227877683354677
2022-02-18,0.15128666666666665,164.2303924560547,161.95296324654277,-2.277429209511922
2022-02-22,0.10489599999999999,161.30508422851562,162.50266399183914,1.1975797633235175
2022-02-23,0.23917199999999997,157.13304138183594,149.7804704881103,-7.352570893725641
2022-02-24,0.18543199999999999,159.75405883789062,160.83386973446065,1.0798108965700237
2022-02-25,0.15602133333333332,161.82534790039062,160.06819209824778,-1.7571558021428473
2022-02-28,0.11176000000000003,162.09039306640625,161.67810566233612,-0.41228740407012765
2022-03-01,-0.013216,160.20562744140625,161.37376901896334,1.168141577557094
2022-03-02,0.113184,163.5039520263672,165.37889834481186,1.874946318444671
2022-03-03,-0.026039999999999994,163.17999267578125,161.47191984720897,-1.7080728285722842
2022-03-04,0.139972,160.17613220214844,160.3626871229987,0.1865549208502557
2022-03-07,0.19366,156.37718200683594,155.90600005394768,-0.4711819528882586
2022-03-08,0.102172,154.5513153076172,158.51716018630677,3.9658448786895804
2022-03-09,0.022312000000000002,159.96018981933594,157.26063347822767,-2.699556341108263
2022-03-10,0.1391,155.61146545410156,156.01395745746433,0.4024920033627666
2022-03-11,0.18399200000000002,151.89102172851562,148.67117238387235,-3.219849344643279
2022-03-14,0.18986799999999998,147.8563995361328,148.1312907310734,0.27489119494057945
2022-03-15,0.16304000000000002,152.24441528320312,154.16847532887076,1.9240600456676304
2022-03-16,0.207392,156.661865234375,155.6998128738619,-0.9620523605130984
2022-03-17,0.144548,157.6729278564453,157.56493454998656,-0.10799330645875216
2022-03-18,0.22963999999999998,160.9712677001953,160.50991215775952,-0.4613555424357969
2022-03-21,0.344584,162.34561157226562,162.4731929263205,0.12758135405488247
2022-03-22,0.237064,165.72247314453125,164.90773681905242,-0.8147363254788331
2022-03-23,0.03391200000000001,167.08700561523438,167.921362759599,0.8343571443646169
2022-03-24,0.261972,170.8761444091797,170.68965237563202,-0.18649203354766541
2022-03-25,0.10537466666666666,171.5142364501953,169.01102337849983,-2.503213071695484
2022-03-28,0.10217999999999999,172.3780975341797,173.44811341555263,1.0700158813729388
2022-03-29,0.2569,175.6764678955078,175.2739422558794,-0.4025256396284078
2022-03-30,0.176116,174.5082550048828,174.57698164903633,0.06872664415351437
2022-03-31,0.289932,171.40625,170.83690924745642,-0.5693407525435816
2022-04-01,0.1768213333333333,171.1117706298828,171.36696680859902,0.25519617871620426
2022-04-04,0.20000800000000002,175.16595458984375,174.2432251533462,-0.9227294364975478
2022-04-05,0.201344,171.84799194335938,169.19755100896808,-2.6504409343912982
2022-04-06,0.213936,168.67727661132812,168.0195678303507,-0.6577087809774298
2022-04-07,0.230544,168.98158264160156,168.6282022656161,-0.35338037598546634
2022-04-08,0.13965333333333332,166.96920776367188,165.61452852614607,-1.3546792375258008
2022-04-11,0.303624,162.70883178710938,164.93718134727845,2.228349560169079
2022-04-12,0.08584,164.5837860107422,164.31873134170252,-0.2650546690396709
2022-04-13,0.079384,167.27349853515625,167.4894547350742,0.21595619991794024
2022-04-14,0.078056,162.2572479248047,160.91238158332047,-1.3448663414842201
2022-04-18,0.067172,162.04129028320312,161.99220039694603,-0.049089886257092985
2022-04-19,0.121312,164.32852172851562,165.66359329680822,1.3350715682925909
2022-04-20,0.11947199999999998,164.1616668701172,165.81083486701775,1.6491679969005588
2022-04-21,0.15417999999999998,163.36651611328125,163.40583163624245,0.03931552296120344
2022-04-22,0.10269866666666666,158.82150268554688,158.16377751272768,-0.6577251728191982
2022-04-25,0.172288,159.89149475097656,159.27303500519898,-0.6184597457775851
2022-04-26,0.11450399999999998,153.92303466796875,153.0493716898695,-0.8736629780992473
2022-04-27,0.18128,153.697265625,156.3280907743164,2.6308251493163937
2022-04-28,0.122056,160.63754272460938,158.87055528620192,-1.7669874384074546
2022-04-29,0.08668533333333334,154.75743103027344,153.83470249054395,-0.9227285397294906
2022-05-02,0.268652,155.061767578125,155.24827964309745,0.18651206497244743
2022-05-03,0.137824,156.5538787841797,156.74039514151906,0.18651635733937155
2022-05-04,0.181996,162.97389221191406,160.84365112993797,-2.130241081976095
2022-05-05,0.17160399999999998,153.8935546875,153.3725141927135,-0.5210404947864902
2022-05-06,0.08879866666666665,154.6210479736328,152.3108102727315,-2.3102377009013253
2022-05-09,0.223352,149.4893341064453,152.89080762473395,3.4014735182886398
2022-05-10,0.21022400000000002,151.8978729248047,150.9049915404857,-0.9928813843189914
2022-05-11,0.132996,144.02333068847656,140.3563740008872,-3.666956687589362
2022-05-12,0.084284,140.14991760253906,142.14559929622243,1.9956816936833661
2022-05-13,0.1843253333333333,144.6230010986328,143.08935409166563,-1.5336470069671861
2022-05-16,0.179908,143.0795135498047,146.3434146138869,3.263901064082205
2022-05-17,0.08571200000000001,146.7169952392578,144.36741964547258,-2.3495755937852323
2022-05-18,0.104712,138.43936157226562,137.51522710531395,-0.9241344669516707
2022-05-19,0.056979999999999996,135.0279998779297,136.73858804203445,1.710588164104763
2022-05-20,0.12184800000000001,135.26394653320312,135.46057378592263,0.19662725271950876
2022-05-23,0.282916,140.69064331054688,138.4295263407137,-2.261116969833182
2022-05-24,0.055944,137.9871368408203,136.0897458139781,-1.8973910268422003
2022-05-25,0.11689599999999999,138.14442443847656,135.0673319135833,-3.07709252489326
2022-05-26,0.03356,141.34930419921875,142.93207874444667,1.5827745452279203
2022-05-27,0.09569866666666665,147.1102294921875,146.54985292505484,-0.5603765671326641
2022-05-31,0.081068,146.32373046875,147.36579217097548,1.0420617022254817
2022-06-01,0.090268,146.1959228515625,145.3308530297889,-0.8650698217736021
2022-06-02,0.10709999999999999,148.65371704101562,144.4165644478719,-4.237152593143719
2022-06-03,0.03367866666666667,142.92227172851562,144.54434106770898,1.6220693391933594
2022-06-06,0.14092000000000002,143.6693878173828,141.9096321913101,-1.7597556260727174
2022-06-07,0.10552,146.1959228515625,146.06814706425965,-0.127775787302852
2022-06-08,-0.06103599999999999,145.45863342285156,144.5935179486459,-0.8651154742056519
2022-06-09,0.18178799999999998,140.22857666015625,137.90844713703416,-2.320129523122091
2022-06-10,0.03623200000000001,134.81170654296875,130.6237513157455,-4.187955227223256
2022-06-13,0.11453200000000001,129.65049743652344,130.87934957569854,1.2288521391751033
2022-06-14,0.112888,130.51559448242188,132.0197453538818,1.5041508714599274
2022-06-15,-0.02319200000000001,133.14047241210938,129.84708342230354,-3.293388989805834
2022-06-16,0.0022639999999999947,127.8612289428711,127.87109072638007,0.009861783508981148
2022-06-17,0.146328,129.3358917236328,131.1644503344464,1.8285586108135874
2022-06-21,0.168548,133.57302856445312,132.51128316690097,-1.0617453975521585
2022-06-22,0.15072000000000002,133.06182861328125,134.5069807437755,1.4451521304942503
2022-06-23,0.18399200000000002,135.93246459960938,137.53486614834085,1.6024015487314784
2022-06-24,0.10171733333333333,139.26512145996094,140.28753277978765,1.0224113198267162
2022-06-27,0.1891,139.26512145996094,139.72718457219997,0.4620631122390364
2022-06-28,0.096236,135.11647033691406,135.13613945781051,0.01966912089645234
2022-06-29,0.092948,136.87620544433594,134.92963842295194,-1.9465670213839985
2022-06-30,0.033760000000000005,134.40859985351562,133.7401565905966,-0.6684432629190269
2022-07-01,0.13086,136.581298828125,135.44091845782265,-1.1403803703023527
2022-07-05,0.083484,139.16683959960938,138.9604099493396,-0.20642965026976867
2022-07-06,0.17619600000000002,140.5038604736328,140.86757338185674,0.3637129082239312
2022-07-07,0.222024,143.8758544921875,142.8042772492725,-1.071577242914998
2022-07-08,0.10867066666666665,144.55418395996094,143.2073310252046,-1.3468529347563276
2022-07-11,0.159552,142.4208526611328,143.29580384328963,0.8749511821568206
2022-07-12,0.11029599999999999,143.3941192626953,140.57265975093034,-2.821459511764971
2022-07-13,0.077688,143.0303955078125,141.6442086832549,-1.3861868245575977
2022-07-14,0.116812,145.95999145507812,147.24788039896364,1.2878889438855197
2022-07-15,0.182692,147.63128662109375,148.1916489524308,0.5603623313370463
2022-07-18,0.141872,144.5836944580078,145.41931789638997,0.8356234383821572
2022-07-19,0.38778799999999997,148.44725036621094,148.5652193610668,0.11796899485585755
2022-07-20,-0.035267999999999994,150.4527587890625,151.8880425808107,1.4352837917481907
2022-07-21,0.051948,152.7236785888672,152.76302623024424,0.0393476413770486
2022-07-22,0.20063733333333333,151.48500061035156,151.40633528462277,-0.07866532572879237
2022-07-25,0.07220399999999999,150.3642578125,149.6859555702162,-0.6783022422837917
2022-07-26,0.07934799999999999,149.03712463378906,150.0005248051165,0.9634001713274358
2022-07-27,0.12129200000000001,154.13934326171875,154.3261100889187,0.18676682719996052
2022-07-28,0.138912,154.6898651123047,158.51414571337114,3.824280601066448
2022-07-29,0.1709333333333333,159.76266479492188,158.28802433199732,-1.4746404629245546
2022-08-01,0.101136,158.77957153320312,157.39342153843546,-1.3861499947676634
2022-08-02,0.171552,157.304931640625,158.12087978749662,0.8159481468716194
2022-08-03,0.026688,163.3214569091797,163.2034670413035,-0.11798986787619015
2022-08-04,0.076268,163.00685119628906,160.67369781797885,-2.3331533783102145
2022-08-05,0.048508000000000016,162.7804412841797,163.78459702908208,1.0041557449023912
2022-08-08,0.131904,162.3079071044922,161.47112401818703,-0.8367830863051609
2022-08-09,0.08206799999999999,162.3571319580078,165.07421541409994,2.7170834560921264
2022-08-10,0.079248,166.6099853515625,167.41725259761515,0.8072672460526462
2022-08-12,0.10944666666666665,169.42555236816406,168.85456522976827,-0.5709871383957932
2022-08-15,0.124552,170.4986114501953,170.09497999617207,-0.4036314540232411
2022-08-16,0.139392,170.34109497070312,170.0851563197129,-0.25593865099023105
2022-08-17,0.133572,171.83749389648438,171.04988664773987,-0.7876072487445072
2022-08-18,0.062296000000000004,171.44366455078125,170.34106675601168,-1.102597794769565
2022-08-19,0.03818,168.8545379638672,167.05299243394208,-1.8015455299251073
2022-08-22,0.15710000000000002,164.9659423828125,164.4835626089626,-0.4823797738499138
2022-08-23,0.07615999999999999,164.6312255859375,164.71981604973067,0.08859046379316737
2022-08-24,0.140128,164.92654418945312,166.15712058661168,1.2305763971585577
2022-08-25,-0.02619999999999999,167.3876953125,167.91934018438116,0.5316448718811557
2022-08-26,0.10521466666666666,161.07733154296875,158.64567953529183,-2.4316520076769166
2022-08-29,0.143664,158.8721160888672,159.61048321715364,0.7383671282864555
2022-08-30,0.036516,156.44052124023438,157.81877207178803,1.3782508315536575
2022-08-31,-0.08992800000000001,154.77679443359375,154.20578537018633,-0.5710090634074163
2022-09-01,0.041496,155.50527954101562,157.26746135406307,1.762181813047448
2022-09-02,0.10702933333333335,153.38868713378906,154.03842495785003,0.6497378240609635
2022-09-06,0.107028,152.12857055664062,152.41409323627113,0.28552267963050326
2022-09-07,0.084244,153.536376953125,152.23687268905203,-1.299504264072965
2022-09-08,0.04820400000000001,152.05967712402344,153.05397081020374,0.9942936861802991
2022-09-09,0.12678933333333334,154.9244384765625,157.10999634251425,2.1855578659517505
2022-09-12,0.12589599999999998,160.89031982421875,157.4151508670422,-3.4751689571765496
2022-09-13,0.18375599999999997,151.44932556152344,152.3845305395428,0.9352049780193568
2022-09-14,0.18978799999999998,152.89645385742188,152.24671887947383,-0.649734977948043
2022-09-15,0.158252,150.0021514892578,148.86020800935316,-1.1419434799046542
2022-09-16,0.107052,148.35812377929688,146.98971983579415,-1.3684039435027273
2022-09-19,0.14644800000000002,152.07937622070312,151.01615161997927,-1.0632246007238564
2022-09-20,0.19875199999999998,154.46176147460938,154.8949011643533,0.433139689743939
2022-09-21,0.208952,151.33116149902344,150.0120183626199,-1.3191431364035395
2022-09-22,0.064236,150.36642456054688,148.8405149133821,-1.5259096471647808
2022-09-23,0.12467066666666667,148.09231567382812,147.33429645998447,-0.758019213843653
2022-09-26,0.04869199999999999,148.4270477294922,150.3664080888261,1.9393603593339037
2022-09-27,0.07338,149.40162658691406,145.34562062962493,-4.0560059572891305
2022-09-28,0.175976,147.5114288330078,143.82957793472042,-3.6818508982873936
2022-09-29,0.13564,140.2658233642578,139.0844755504192,-1.181347813838613
2022-09-30,0.09693466666666667,136.05233764648438,136.06222721595856,0.009889569474182736
2022-10-03,0.23737200000000003,140.236328125,142.77621059568105,2.53988247068105
2022-10-04,0.119172,143.82958984375,141.83113033653302,-1.9984595072169782
2022-10-05,0.230625,144.12490844726562,143.54408244476417,-0.5808260025014533
2022-10-06,-0.13828800000000002,143.16998291015625,140.32491832079495,-2.8450645893613
2022-10-07,0.028974666666666673,137.91299438476562,138.23785400390625,0.324859619140625
2022-10-10,0.035924,138.23785400390625,137.72593753469053,-0.5119164692157199
2022-10-11,0.018556,136.8202362060547,136.96791731761857,0.14768111156388386
2022-10-12,-0.058171999999999995,136.190185546875,132.8922641385454,-3.297921408329586
2022-10-13,0.14214,140.7679443359375,142.0673926816115,1.2994483456739943
2022-10-14,0.075432,136.22955322265625,138.87772711599698,2.6481738933407257
2022-10-17,0.3395,140.1968994140625,143.22907894720203,3.0321795331395265
2022-10-18,0.07993999999999998,141.51611328125,139.488113651557,-2.0279996296929994
2022-10-19,0.014315999999999995,141.6243896484375,140.7974672692939,-0.8269223791436104
2022-10-20,0.027172,141.16171264648438,140.6497525827841,-0.5119600637002861
2022-10-21,0.06985333333333334,144.98138427734375,144.90265893368223,-0.0787253436615174
2022-10-24,0.04529199999999999,147.12753295898438,147.75759083673032,0.6300578777459407
2022-10-25,0.22734000000000001,149.97262573242188,148.61404877344168,-1.3585769589801941
2022-10-26,0.123012,147.02906799316406,145.76900855429128,-1.260059438872787
2022-10-27,0.11732399999999998,142.54981994628906,145.89694295512044,3.3471230088313746
2022-10-28,0.10127733333333333,153.3197784423828,150.77989669615485,-2.5398817462279624
2022-10-31,0.099088,150.95709228515625,152.6700490040681,1.7129567189118404
2022-11-01,0.12712,148.3088836669922,146.63527983930877,-1.6736038276834222
2022-11-02,0.153856,142.7761993408203,139.8523147349842,-2.923884605836122
2022-11-03,0.197588,136.72174072265625,140.11393200286335,3.3921912802071006
2022-11-04,0.03422266666666667,136.45553588867188,135.2032111952328,-1.2523246934390784
2022-11-07,0.096456,136.988037109375,138.4573305983891,1.4692934890140918
2022-11-08,0.078632,137.5599822998047,136.57386087993447,-0.9861214198702157
2022-11-09,0.18086,132.9943389892578,139.27576104009148,6.281422050833669
2022-11-10,0.19896799999999998,144.82745361328125,143.79208769866335,-1.0353659146178984
2022-11-11,0.06661066666666667,147.6181182861328,146.89827154979093,-0.7198467363418786
2022-11-14,0.03246400000000001,146.21786499023438,150.1030594439155,3.885194453681123
2022-11-15,0.039468,147.953369140625,147.05603190661645,-0.8973372340085461
2022-11-16,0.180584,146.7207489013672,144.3935698429272,-2.327179058439981
2022-11-17,0.27208000000000004,148.62391662597656,150.19179299707827,1.567876371101704
2022-11-18,0.14143066666666668,149.18597412109375,148.07172328326632,-1.1142508378274272
2022-11-21,0.035928,145.9516143798828,146.06995217218372,0.11833779230090613
2022-11-22,0.12451599999999999,148.0914306640625,147.3715896104273,-0.7198410536352071
2022-11-23,0.18904800000000002,148.9690704345703,146.2474322409697,-2.7216381936006258
2022-11-25,0.050932,146.0502166748047,143.12152865000314,-2.928688024801545
2022-11-28,0.065152,142.21432495117188,142.28334655275705,0.06902160158517745
2022-11-29,0.215592,139.2067413330078,139.4335280851677,0.22678675215988164
2022-11-30,0.18693200000000001,145.97132873535156,146.14880576375623,0.17747702840466673
2022-12-01,0.311808,146.24740600585938,143.93013162674256,-2.3172743791168102
2022-12-02,0.11699999999999999,145.75439453125,145.7149657221435,-0.0394288091065107
2022-12-05,0.05944800000000001,144.5908203125,145.02471235222268,0.43389203972267865
2022-12-06,0.090448,140.9225616455078,140.21256620226913,-0.7099954432386824
2022-12-07,0.020896000000000005,138.97994995117188,140.38019261979954,1.4002426686276692
2022-12-08,0.14512,140.66615295410156,140.3604729146931,-0.30568003940845756
2022-12-09,0.02170933333333333,140.1829833984375,140.71546075742316,0.5324773589856591
2022-12-12,0.0,142.48057556152344,147.420898645852,4.940323084328554
2022-12-13,-0.033120000000000004,143.4469451904297,143.32862218685506,-0.11832300357463055
2022-12-14,0.008140000000000014,141.2183837890625,139.147557792699,-2.07082599636351
2022-12-15,-0.060952,134.60166931152344,134.78908000788886,0.18741069636541852
2022-12-16,0.11444266666666668,132.63938903808594,133.23101376151752,0.591624723431579
2022-12-19,0.126188,130.52911376953125,129.56278039253664,-0.9663333769946121
2022-12-20,0.135672,130.4601287841797,131.13064842267107,0.6705196384913847
2022-12-21,0.14252,133.56629943847656,132.48161030905115,-1.0846891294254135
2022-12-22,0.178904,130.39108276367188,129.09929998620072,-1.2917827774711554
2022-12-23,0.09383999999999999,130.02622985839844,129.55289592303325,-0.47333393536519
2022-12-27,0.037056000000000006,128.22166442871094,127.86666981780208,-0.35499461090886086
2022-12-28,0.150588,124.2871551513672,126.2100445910704,1.922889439703198
2022-12-29,0.158356,127.8075180053711,126.62421153870504,-1.1833064666660533
2022-12-30,0.144784,128.12306213378906,128.46818597294893,0.3451238391598679
2023-01-03,0.059436,123.33064270019533,125.12534263515172,1.7946999349563981
2023-01-04,0.105428,124.60271453857422,125.3619828345772,0.7592682960029862
2023-01-05,0.105108,123.28132629394533,124.257571392045,0.9762450980996675
2023-01-06,0.11415902521008403,127.8173599243164,128.6555533163335,0.8381933920171036
2023-01-09,0.053624,128.33999633789062,128.4484461785051,0.10844984061446894
2023-01-10,0.266004,128.9119110107422,129.42470644063985,0.5127954298976647
2023-01-11,0.14682,131.63356018066406,132.01813716022232,0.3845769795582612
2023-01-12,0.09667999999999999,131.55467224121094,130.19384999657817,-1.3608222446327716
2023-01-13,0.07665322222222222,132.88587951660156,132.9549052915621,0.06902577496055073
2023-01-17,0.06384,134.04946899414062,134.91723044564642,0.8677614515057996
2023-01-18,0.090788,133.32962036132812,132.21534095915428,-1.1142794021738496
2023-01-19,0.384,133.3887939453125,133.3986594670003,0.009865521687800083
2023-01-20,0.23306533333333332,135.95263671875,136.19917447397063,0.24653775522062915
2023-01-23,0.044460000000000006,139.14759826660156,138.35869358432294,-0.788904682278627
2023-01-24,0.053211999999999995,140.54782104492188,138.93066494314343,-1.6171561017784484
2023-01-25,0.3062,139.88717651367188,141.17890975078,1.291733237108133
2023-01-26,-0.0005679999999999974,141.9579315185547,141.16906148730033,-0.788870031254362
2023-01-27,0.16326,143.90052795410156,142.94404030165967,-0.9564876524418935
2023-01-30,0.010956000000000011,141.01129150390625,140.71547141700836,-0.29582008689789063
2023-01-31,0.179608,142.28335571289062,141.96779872652098,-0.3155569863696428
2023-02-01,0.119804,143.40748596191406,146.82922262442523,3.421736662511165
2023-02-02,0.08840400000000001,148.7225341796875,145.97134140477755,-2.7511927749099527
2023-02-03,0.1958548888888889,152.3513641357422,150.4482178700856,-1.9031462656565736
2023-02-06,0.16308,149.61988830566406,148.54505515759217,-1.074833148071889
2023-02-07,0.042496,152.49928283691406,151.73998447588093,-0.7592983610331316
2023-02-08,0.09704399999999999,149.80723571777344,151.64135380753217,1.8341180897587321
2023-02-09,0.109972,148.77182006835938,147.60648709847575,-1.1653329698836217
2023-02-10,0.082456,149.1372528076172,149.07798723256394,-0.05926557505324581
2023-02-13,0.39235000000000003,151.94203186035156,150.23350151506878,-1.7085303452827816
2023-02-14,0.16679200000000002,151.30010986328125,151.21121650909475,-0.0888933541864958
2023-02-15,0.207864,153.4036865234375,151.60624021713144,-1.7974463063060568
2023-02-16,0.202824,151.80377197265625,150.46062541961737,-1.3431465530388778
2023-02-17,0.32568,150.65814208984375,148.33731221810694,-2.320829871736805
2023-02-21,0.199164,146.63864135742188,147.02381158820887,0.3851702307869971
2023-02-22,-0.17697500000000002,147.06332397460938,148.22864074401951,1.1653167694101398
2023-02-23,0.18930400000000003,147.5471954345703,145.2856278870893,-2.2615675474810075
2023-02-24,0.080428,144.89059448242188,145.8781840387877,0.9875895563658332
2023-02-27,0.296,146.0855712890625,145.2263730908277,-0.8591981982347932
2023-02-28,0.031766666666666686,145.5819091796875,145.00908849876785,-0.5728206809196479
2023-03-01,0.031448000000000004,143.5079345703125,142.58950014966683,-0.9184344206456672
2023-03-02,0.2119076923076923,144.10052490234375,146.20408774818284,2.103562845839093
2023-03-03,0.11678533333333334,149.15701293945312,151.8828051159328,2.725792176479672
2023-03-06,0.100992,151.9223175048828,151.79390348554702,-0.12841401933579277
2023-03-07,0.08896799999999999,149.71995544433594,150.91494388116536,1.1949884368294192
2023-03-08,0.078416,150.9741973876953,151.65561114338573,0.6814137556904143
2023-03-09,0.11497500000000001,148.72244262695312,148.3472018339828,-0.37524079297031676
2023-03-10,0.081717216374269,146.6584014892578,145.97695730432906,-0.6814441849287505
2023-03-13,0.6447428571428572,148.60397338867188,149.4039106364519,0.7999372477800364
2023-03-14,0.50015,150.69766235351562,149.31504702106903,-1.3826153324465906
2023-03-15,0.05928461538461538,151.0927276611328,150.27298045799404,-0.8197472031387747
2023-03-16,0.11848800000000001,153.91722106933594,154.1443976469308,0.22717657759486087
2023-03-17,0.20610755555555552,153.07778930664062,153.14690680049927,0.06911749385864141
2023-03-20,0.223876,155.447998046875,155.36901795458434,-0.0789800922906636
2023-03-21,0.1423111111111111,157.30470275878906,157.32445173541882,0.0197489766297565
2023-03-22,0.08775999999999998,155.8726806640625,156.86029458739586,0.9876139233333561
2023-03-23,-0.16555,156.95904541015625,156.88991856429575,-0.06912684586049522
2023-03-24,0.146787,158.26268005371094,157.95651005912973,-0.30616999458121086
2023-03-27,0.05030000000000001,156.3170928955078,156.0109239824416,-0.30616891306621596
2023-03-28,0.08695714285714284,155.69488525390625,157.39358278783644,1.6986975339301864
2023-03-29,-0.07107142857142858,158.77622985839844,159.5268031814781,0.7505733230796636
2023-03-30,0.325332,160.3465118408203,160.42551172065657,0.07899987983626033
2023-03-31,0.059148,162.85499572753906,162.23282167038158,-0.6221740571574799
2023-04-03,0.11156250000000001,164.1092529296875,164.53393008377392,0.4246771540864245
2023-04-04,0.142436,163.57595825195312,162.69699871298138,-0.878959538971742
2023-04-05,0.12233600000000001,161.72914123535156,160.41562533913125,-1.3135158962203093
2023-04-06,0.05864,162.61798095703125,159.41816361866267,-3.1998173383685753
2023-04-10,0.15746000000000002,160.02059936523438,160.33662790848967,0.3160285432552996
2023-04-11,0.3426375,158.80584716796875,159.22065338009935,0.41480621213059976
2023-04-12,-0.11928999999999998,158.1145477294922,159.62556544083142,1.5110177113392353
2023-04-13,0.32832,163.50682067871094,162.5488571823505,-0.9579634963604349
2023-04-14,0.13874133333333333,163.1611785888672,163.04266025137323,-0.11851833749395269
2023-04-17,0.06534000000000001,163.18092346191406,164.04012619342146,0.8592027315073949
2023-04-18,0.171784,164.40553283691406,163.74385542338587,-0.6616774135281958
2023-04-19,0.00766,165.55116271972656,164.03024493447634,-1.5209177852502194
2023-04-20,0.20912,164.5832977294922,163.00313749199609,-1.5801602374961021
2023-04-21,0.154452,162.9735107421875,162.95375377005053,-0.019756972136974582
2023-04-24,0.014092000000000009,163.2796630859375,163.1414017604714,-0.1382613254660896
2023-04-25,0.277132,161.739013671875,161.0378252295865,-0.7011884422884975
2023-04-26,0.1165125,161.72914123535156,163.1413887265841,1.4122474912325345
2023-04-27,0.0576,166.3214569091797,166.40048449959994,0.07902759042025309
2023-04-28,0.15174066666666666,167.57571411132812,167.18066329991268,-0.3950508114154445
2023-05-01,0.0947,167.48681640625,167.98062504743248,0.4938086411824827
2023-05-02,0.164925,166.44984436035156,167.39796271242133,0.9481183520697698
2023-05-03,0.12197199999999998,165.37338256835938,162.8451151367803,-2.5282674315790814
2023-05-04,0.073252,163.73394775390625,168.85960390825258,5.125656154346331
2023-05-05,0.23297066666666666,171.41749572753906,170.34098818753938,-1.0765075399996817
2023-05-08,-0.040944,171.3483428955078,170.90392591816433,-0.4444169773434794
2023-05-09,0.04188799999999999,169.63980102539062,170.87431142683658,1.2345104014459594
2023-05-10,0.2719,171.40760803222656,171.69399597502493,0.28638794279837043
2023-05-11,0.270384,171.59523010253906,171.70405030041803,0.1088201978789698
2023-05-12,0.13636,170.6656494140625,171.24911034897144,0.5834609349089419
2023-05-15,0.146812,170.171142578125,170.0920236008516,-0.07911897727339579
2023-05-16,0.166084,170.171142578125,169.81512066054435,-0.35602191758064805
2023-05-17,0.06328800000000001,170.7843017578125,171.0908902546592,0.3065884968467003
2023-05-18,0.008020000000000005,173.11827087402344,174.44345770293714,1.3251868289137008
2023-05-19,0.18243555555555555,173.22703552246094,172.0600450039918,-1.1669905184691345
2023-05-22,0.029132,172.27761840820312,171.2194449613945,-1.0581734468086381
2023-05-23,0.22930399999999998,169.66676330566406,169.2019563309073,-0.4648069747567547
2023-05-24,0.144704,169.9436798095703,170.50740757419857,0.5637277646282541
2023-05-25,0.213592,171.0810089111328,171.4073332194312,0.326324308298382
2023-05-26,0.1556208888888889,173.49403381347656,175.00716998790764,1.5131361744310823
2023-05-30,0.18777727272727274,175.34341430664062,175.3731100748192,0.029695768178584103
2023-05-31,0.1690666666666667,175.2939910888672,175.73902088879638,0.4450297999291877
2023-06-01,0.2905,178.10264587402344,179.03225923715402,0.929613363130585
2023-06-02,0.13765066666666667,178.95314025878906,180.6145961643528,1.6614559055637415
2023-06-05,0.019440000000000002,177.59825134277344,177.98396853821802,0.3857171954445846
2023-06-06,0.15775599999999998,177.23236083984375,176.47084977063176,-0.7615110692119913
2023-06-07,0.265396,175.85769653320312,175.93679801452896,0.07910148132583572
2023-06-08,0.10212800000000001,178.5773468017578,179.4970621604222,0.9197153586643765
2023-06-09,0.13890751515151517,178.96302795410156,179.26961514651788,0.30658719241631616
2023-06-12,-0.037636,181.7617950439453,180.7827428310429,-0.9790522129024168
2023-06-13,0.17203600000000002,181.287109375,181.3464274280608,0.05931805306079241
2023-06-14,0.12372800000000002,181.92002868652344,181.9299555739799,0.009926887456458644
2023-06-15,0.17592,183.9573211669922,184.669341613924,0.7120204469318026
2023-06-16,0.11843752380952381,182.8793182373047,182.37496829785863,-0.5043499394460582
2023-06-20,0.184604,182.9683380126953,182.85954567430247,-0.10879233839284552
2023-06-21,0.162016,181.929931640625,181.7123518491607,-0.21757979146428852
2023-06-22,0.15598,184.93637084960935,183.50236866585945,-1.4340021837498966
2023-06-23,0.176628,184.6198883056641,184.76826151663465,0.14837321097056133
2023-06-26,0.10722000000000001,183.22547912597656,183.83862880561904,0.6131496796424756
2023-06-27,0.108444,185.98468017578125,185.8561043245189,-0.1285758512623545
2023-06-28,0.31514400000000004,187.1615447998047,186.99345141756788,-0.1680933822368047
2023-06-29,0.141684,187.4978179931641,189.51527911897423,2.0174611258101436
2023-06-30,0.21703333333333333,191.82945251464844,191.64156130508144,-0.1878912095669989
2023-07-03,0.263528,190.3361358642578,189.45596962493224,-0.8801662393255754
2023-07-05,0.285188,189.21861267089844,187.7450066579597,-1.4736060129387454
2023-07-06,0.10846399999999999,189.6932678222656,189.29771490007704,-0.395552922188557
2023-07-07,0.14074012121212123,188.5757598876953,187.17143117099337,-1.40432871670194
2023-07-10,0.35715,186.5286102294922,187.07255444450544,0.543944215013255
2023-07-11,0.20069199999999998,186.0044708251953,187.58679348705417,1.5823226618588535
2023-07-12,0.144375,187.67581176757812,188.39776494849255,0.7219531809144257
2023-07-13,0.5972,188.43731689453125,188.13071726198152,-0.30659963254973377
2023-07-14,0.2767786666666667,188.5856475830078,189.78231082986184,1.1966632468540297
2023-07-17,0.28118,191.84925842285156,191.2162905465396,-0.6329678763119659
2023-07-18,0.081976,191.5920867919922,190.9690618542327,-0.6230249377594816
2023-07-19,0.14410399999999998,192.94699096679688,192.9370956401489,-0.009895326647978209
2023-07-20,0.07878,190.9987335205078,191.9580206367083,0.9592871162004997
2023-07-21,0.202192,189.8218536376953,191.27566036710277,1.4538067294074608
2023-07-24,0.167304,190.62294006347656,191.19651381171815,0.5735737482415857
2023-07-25,0.048740000000000006,191.4833068847656,191.53277997466063,0.04947308989503085
2023-07-26,0.08305199999999999,192.35362243652344,193.85685736898512,1.5032349324616803
2023-07-27,0.187068,191.08775329589844,192.5217427199515,1.4339894240530668
2023-07-28,0.13763999999999998,193.6689453125,193.89637842130432,0.22743310880431977
2023-07-31,0.14844800000000002,194.28207397460935,194.074422779809,-0.20765119480034855
2023-08-01,-0.063616,193.4513702392578,192.887632465541,-0.5637377737168094
2023-08-02,0.11092,190.4547882080078,189.45592808861255,-0.9988601193952604
2023-08-03,0.308228,189.06033325195312,183.47270249377223,-5.587630758180893
2023-08-04,0.14538133333333333,179.98165893554688,180.1201302461886,0.13847131064173368
2023-08-07,0.180344,176.87632751464844,177.7070549630004,0.8307274483519507
2023-08-08,0.033472,177.8158416748047,178.87402014653773,1.0581784717330436
2023-08-09,0.155808,176.22360229492188,177.49935830249015,1.2757560075682761
2023-08-10,0.27186,176.0060272216797,175.60000259117115,-0.40602463050854
2023-08-11,0.09541152380952382,176.0654296875,176.2437010263368,0.1782713388367938
2023-08-14,0.18704,177.71925354003906,177.1448814654077,-0.5743720746313556
2023-08-15,0.03904799999999999,175.72874450683594,175.4118501481314,-0.31689435870453053
2023-08-16,0.078976,174.85728454589844,175.42175166053434,0.564467114635903
2023-08-17,0.23872400000000002,172.3122100830078,170.62871045348956,-1.683499629518252
2023-08-18,0.18415733333333337,172.79747009277344,173.37184868637627,0.5743785936028303
2023-08-21,0.05223750000000001,174.13436889648438,175.34253031574917,1.2081614192647976
2023-08-22,0.117812,175.51087951660156,176.78838784399545,1.277508327393889
2023-08-23,0.11665,179.3631591796875,178.91750900229638,-0.4456501773911157
2023-08-24,0.132332,174.66912841796875,175.6594526964133,0.9903242784445467
2023-08-25,0.11482222222222223,176.8775177001953,178.34313313971825,1.465615439522935
2023-08-28,0.178808,178.44216918945312,177.95693577395411,-0.48523341549901033
2023-08-29,0.0,182.3340606689453,183.14608368084177,0.8120230118964571
2023-08-30,0.132288,185.8297882080078,186.0179606639307,0.18817245592288145
2023-08-31,0.10084166666666666,186.04766845703125,187.65196121049496,1.6042927534637101
2023-09-01,0.1569798888888889,187.62225341796875,186.45368485534252,-1.168568562626234
2023-09-05,0.16128333333333333,187.8599090576172,186.57254135003103,-1.2873677075861565
2023-09-06,0.074696,181.13580322265625,173.48074295917408,-7.65506026348217
2023-09-07,0.009532000000000007,175.83766174316406,176.62003973987865,0.7823779967145867
2023-09-08,0.08687066666666667,176.45167541503906,178.3233130703228,1.8716376552837346
2023-09-11,0.05984399999999999,177.6201934814453,177.7489644157226,0.12877093427729847
2023-09-12,0.27552,174.58990478515625,174.79785006313273,0.20794527797647788
2023-09-13,0.06188400000000001,172.52017211914062,172.31221179761187,-0.2079603215287591
2023-09-14,0.213228,174.03533935546875,174.76816613453047,0.7328267790617247
2023-09-15,0.18280133333333334,173.3124237060547,174.76814563074643,1.455721924691744
2023-09-18,0.142856,176.2436981201172,175.79808534740948,-0.4456127727077046
2023-09-19,0.05112799999999999,177.3330535888672,177.52118590379774,0.18813231493055582
2023-09-20,0.06431600000000001,173.7877655029297,172.85685511620576,-0.930910386723923
2023-09-21,0.150472,172.24285888671875,172.97572753179696,0.7328686450782129
2023-09-22,0.18690533333333334,173.0945587158203,172.51027081019092,-0.5842879056293953
2023-09-25,0.10112,174.37203979492188,173.12426626356617,-1.2477735313557048
2023-09-26,-0.023178260869565218,170.29200744628906,170.94559986493434,0.6535924186452746
2023-09-27,0.10545600000000001,168.77684020996094,167.69742105029528,-1.0794191596656617
2023-09-28,0.250572,169.03433227539062,170.35142654777866,1.317094272388033
2023-09-29,0.121065908496732,169.54928588867188,169.55919331240622,0.009907423734347276
2023-10-02,0.07336,172.0646514892578,170.58906551933305,-1.475585969924765
2023-10-03,0.055456000000000005,170.7277069091797,169.43043127173715,-1.2972756374425387
2023-10-04,0.14846,171.9755096435547,172.1042477774046,0.1287381338499074
2023-10-05,0.231936,173.21339416503906,172.1141468247828,-1.0992473402562553
2023-10-06,0.06836133333333334,175.7683563232422,175.09495269037183,-0.673403632870361
2023-10-09,0.110635,177.25381469726562,176.37245706568626,-0.8813576315793625
2023-10-10,0.20754999999999998,176.65963745117188,176.4714678376734,-0.1881696134984736
2023-10-11,0.019291999999999997,178.0559539794922,178.3233466007442,0.26739262125201435
2023-10-12,0.0,178.95713806152344,179.6602366589199,0.7030985973964619
2023-10-13,0.18228133333333332,177.11517333984375,175.03554253225204,-2.0796308075917125
2023-10-16,0.01883333333333332,176.98643493652344,174.93650583601004,-2.0499291005133955
2023-10-17,0.026844,175.43165588378906,173.87689630601963,-1.5547595777694312
2023-10-18,0.09235454545454545,174.13436889648438,174.33240207355175,0.1980331770673729
2023-10-19,0.38833125,173.75804138183594,173.60951658974062,-0.14852479209531566
2023-10-20,0.2835694047619048,171.20309448242188,169.25219112217718,-1.9509033602446948
2023-10-23,0.05436250000000001,171.32191467285156,171.37139778577966,0.049483112928101036
2023-10-24,-0.007479999999999998,171.7576141357422,170.2127862637829,-1.544827871959285
2023-10-25,0.064888,169.4403533935547,168.71741923518283,-0.7229341583718565
2023-10-26,0.170436,165.27117919921875,165.29098147440297,0.019802275184218843
2023-10-27,0.02992133333333334,166.58827209472656,167.3805285943209,0.7922564995943446
2023-10-30,0.08110399999999998,168.63819885253906,167.70733154956028,-0.9308673029787826
2023-10-31,0.16866799999999998,169.11355590820312,169.34129385969914,0.22773795149601028
2023-11-01,0.22453199999999998,172.28248596191406,173.8174769968696,1.5349910349555387
2023-11-02,0.22219999999999998,175.84759521484375,172.5498813500308,-3.2977138648129483
2023-11-03,0.23836903030303028,174.93649291992188,174.66913933099835,-0.2673535889235268
2023-11-06,0.199268,177.49148559570312,177.44195927584823,-0.0495263198548912
2023-11-07,0.09757916666666666,180.05636596679688,180.5812114444328,0.524845477635921
2023-11-08,0.22073076923076923,181.115966796875,181.18530832204868,0.06934152517368375
2023-11-09,0.32991666666666664,180.64064025878903,182.4255213215233,1.7848810627342573
2023-11-10,0.09282654545454545,184.83511352539065,184.26000678217753,-0.5751067432131265
2023-11-13,-0.037949999999999984,183.24856567382812,186.12420582715117,2.8756401533230473
2023-11-14,3.7499999999987196e-05,185.86639404296875,186.2729495954029,0.4065555524341562
2023-11-15,0.12167333333333333,186.4315948486328,187.9785007833142,1.5469059346813765
2023-11-16,0.258288,188.11732482910156,188.65281519385715,0.5354903647555886
2023-11-17,0.20102199999999998,188.09751892089844,188.2958115269965,0.19829260609805033
2023-11-20,0.102944,189.84271240234375,189.80306012274144,-0.03965227960230777
2023-11-21,0.2732,189.03952026367188,189.88239992204348,0.8428796583716007
2023-11-22,0.2308173913043478,189.7039031982422,189.26759079649733,-0.43631240174485697
2023-11-24,0.10478200000000001,188.37515258789065,188.3255839995523,-0.04956858833836009
2023-11-27,0.54886,188.19667053222656,188.18675406725092,-0.009916464975646022
2023-11-28,0.087128,188.80154418945312,189.2973512852548,0.49580709580166626
2023-11-29,0.142588,187.7801971435547,188.2462390361622,0.4660418926075067
2023-12-01,0.028860857142857146,189.63449096679688,188.38504622543272,-1.249444741364158
2023-12-04,0.109104,187.83966064453125,188.61313058416235,0.7734699396310987
2023-12-05,0.20236,191.79617309570312,192.8175368647406,1.021363769037464
2023-12-06,-0.039492,190.70542907714844,192.0044117201268,1.298982642978359
2023-12-07,0.16423200000000002,192.6390380859375,192.56963798027985,-0.06940010565764965
2023-12-08,0.23275400000000002,194.0669708251953,191.48879255742057,-2.578178267774746
2023-12-11,0.2806,191.5581970214844,191.45904261144975,-0.0991544100346573
2023-12-12,0.22811874999999998,193.0753631591797,193.45216455954895,0.3768014003692599
2023-12-13,0.0,196.2980804443359,196.35758232148717,0.05950187715126276
2023-12-14,-0.0127,196.4468231201172,195.87171954174423,-0.5751035783729606
2023-12-15,-0.24224,195.9113922119141,194.44378607807735,-1.467606133836739
2023-12-18,0.079816,194.24546813964844,194.51318587990949,0.2677177402610482
2023-12-19,0.06626470588235293,195.28663635253903,195.24696511767544,-0.039671234863590144
2023-12-20,0.08411428571428571,193.19435119628903,194.45368523269553,1.2593340364065
2023-12-21,0.3612,193.04559326171875,193.5413924757588,0.495799214040062
2023-12-22,0.07213340740740742,191.97467041015625,191.9846022868164,0.009931876660147054
2023-12-27,0.159,191.52845764160156,192.51014548202977,0.9816878404282079
2023-12-28,-0.1437,191.9548492431641,192.27215946893213,0.3173102257680398
2023-12-29,0.16395,190.9136657714844,185.5788148528252,-5.334850918659214
2024-01-02,0.11212000000000001,184.0814971923828,182.6734238450404,-1.4080733473424232
2024-01-03,0.127,182.7031707763672,180.62080322049852,-2.0823675558686716
2024-01-04,0.16904799999999998,180.38282775878903,180.46214807824285,0.07932031945381368
2024-01-05,0.22788844444444445,179.658935546875,180.56129720920063,0.9023616623256316
2024-01-08,0.06302727272727272,184.00216674804688,182.37594957443395,-1.626217173612929
2024-01-09,0.03421111111111111,183.5857086181641,182.80234296869347,-0.7833656494706247
2024-01-10,-0.01248235294117647,184.62689208984375,184.97394287034564,0.3470507805018883
2024-01-11,0.18442799999999998,184.03192138671875,184.49797017252533,0.4660487858065778
2024-01-12,0.254816369047619,184.3591461181641,180.63071876275188,-3.728427355412208
2024-01-16,0.9348,182.08837890625,179.74818071767538,-2.340198188574618
2024-01-17,0.17829333333333333,181.14633178710935,184.52771753168437,3.3813857445750273
2024-01-18,0.15355555555555556,187.04640197753903,187.74052319933503,0.6941212217959958
2024-01-19,0.29366033333333336,189.95179748535156,190.68560481730813,0.7338073319565694
2024-01-22,0.11117600000000001,192.2622528076172,193.38275184285897,1.120499035241778
2024-01-23,0.155272,193.54139709472656,193.77940103141137,0.23800393668480524
2024-01-24,0.20365555555555556,192.86712646484375,193.581074455708,0.7139479908642556
2024-01-25,0.0,192.53988647460935,192.63904008919584,0.0991536145864984
2024-01-26,0.23626733333333336,190.8045654296875,190.39800942846193,-0.40655600122556734
2024-01-29,0.021719999999999996,190.120361328125,189.33701232459805,-0.7833490035269506
2024-01-30,0.13705263157894737,186.4613494873047,185.46974943852436,-0.9916000487803274
2024-01-31,0.1364,182.85191345214844,182.4453590429028,-0.40655440924564346
2024-02-01,0.23447199999999999,185.291259765625,178.35001646911297,-6.941243296512027
2024-02-02,0.2781186666666667,184.28973388671875,186.57041025788217,2.2806763711634233
2024-02-05,0.31350869565217393,186.10435485839844,185.291266866256,-0.8130879921424423
2024-02-06,0.4153,187.71078491210935,189.0395243124124,1.32873940030305
2024-02-07,0.324052,187.81985473632812,187.8000228857875,-0.019831850540612095
2024-02-08,0.5333,186.739013671875,187.304938639922,0.5659249680469998
2024-02-09,-0.06977299999999997,187.50352478027344,187.07659264846137,-0.426932131812066
2024-02-12,0.41308,185.81564331054688,184.4454786725173,-1.3701646380295642
2024-02-14,0.152364,182.8370056152344,182.2413002337134,-0.5957053815210145
2024-02-15,0.0744,182.5490875244141,182.11221816970055,-0.4368693547135365
2024-02-16,0.34298423913043474,181.0101318359375,180.49384354523508,-0.5162882907024198
2024-02-20,0.15858,180.26548767089844,180.64276986037865,0.3772821894802121
2024-02-21,0.19564,181.0200653076172,182.17179668082835,1.1517313732111631
2024-02-22,0.1502235294117647,183.05545043945312,183.69089534874325,0.6354449092901291
2024-02-23,0.22997222222222222,181.2186584472656,180.94064867140935,-0.27800977585624764
2024-02-26,0.023050000000000015,179.86834716796875,179.8087756065873,-0.05957156138146047
2024-02-27,0.276304,181.3278656005859,181.2087048057168,-0.11916079486911713
2024-02-28,0.14833333333333334,180.12648010253906,179.97756989489093,-0.1489102076481288
2024-02-29,0.0353,179.46127319335938,178.26982726346276,-1.1914459298966165
2024-03-01,0.3521625,178.37904357910156,174.8940486462885,-3.4849949328130663
2024-03-04,0.04848571428571429,173.85154724121094,169.5424796657224,-4.309067575488541
2024-03-06,0.1689,167.9141845703125,167.9439531253601,0.029768555047610334
2024-03-07,0.148012,167.79502868652344,167.79503440936114,5.722837698840522e-06
2024-03-08,0.259025,169.5126953125,171.7069430151515,2.194247702651495
2024-03-11,0.056420000000000005,171.51829528808594,171.91544162555573,0.3971463374697919
2024-03-12,0.07712222222222223,171.994873046875,171.53815729817867,-0.45671574869632536
2024-03-13,0.1759,169.90985107421875,171.67717059661035,1.7673195223916025
2024-03-14,0.12156399999999999,171.7665252685547,169.94956266563446,-1.8169626029202277
2024-03-15,0.16144166666666665,171.38922119140625,174.3181844870376,2.9289632956313483
2024-03-18,0.134284,172.4813690185547,173.09695515946524,0.6155861409105512
2024-03-19,0.158188,174.82455444335938,174.46712406809783,-0.35743037526154353
2024-03-20,0.2503565217391305,177.39608764648438,175.78764197696165,-1.6084456695227232
2024-03-21,-0.224636,170.14813232421875,170.53535433298114,0.387222008762393
2024-03-22,0.26056666666666667,171.05165100097656,169.3538487990515,-1.6978022019250716
2024-03-26,0.0022000000000000045,168.49998474121094,169.19499314475576,0.6950084035448185
2024-03-27,-0.1426,172.07431030273438,170.52541861342735,-1.5488916893070268
2024-04-01,0.3989,168.81768798828125,167.87447897129715,-0.943209016984099
2024-04-02,0.234,167.6361846923828,167.5865303145986,-0.04965437778420778
2024-04-03,0.109108,168.44039916992188,169.07582268557752,0.6354235156556456
2024-04-04,0.054730769230769236,167.61631774902344,168.3808338913719,0.7645161423484694
2024-04-05,0.2892873015873016,168.37091064453125,167.82482886831443,-0.5460817762168233
2024-04-09,0.11596000000000002,168.46026611328125,167.59647195447172,-0.8637941588095259
2024-04-10,0.18039999999999998,166.583740234375,167.13973556457643,0.5559953302014264
2024-04-11,0.28438800000000003,173.79196166992188,173.0175481045229,-0.7744135653989872
2024-04-12,0.21218666666666666,175.29122924804688,174.1097015871075,-1.1815276609393663
2024-04-15,0.013312500000000019,171.458740234375,170.52542991803605,-0.9333103163389467
2024-04-16,0.23954285714285714,168.17233276367188,168.4006911997193,0.22835843604741513
2024-04-17,-0.32615,166.8021697998047,166.83194578270678,0.02977598290209471
2024-04-18,0.194516,165.8489990234375,165.02494208062998,-0.8240569428075162
2024-04-19,0.033716666666666666,163.8235626220703,164.33985172403135,0.5162891019610356
2024-04-22,-0.3425,164.65756225585938,164.17107024309314,-0.48649201276623444
2024-04-23,0.187912,165.7100067138672,165.35258209827205,-0.3574246155951357
2024-04-24,0.04123999999999999,167.81491088867188,168.32127707377066,0.5063661850987842
2024-04-25,0.0,168.6787109375,168.66876193087458,-0.009949006625419088
2024-04-26,0.088752,168.0928955078125,172.1338767566388,4.040981248826313
2024-04-29,-0.3544,172.26295471191406,172.09416491333778,-0.1687897985762845
2024-04-30,0.45061428571428574,169.1155548095703,168.37089789825708,-0.7446569113132284
2024-05-01,0.07011250000000002,168.0928955078125,171.27999852318183,3.187103015369331
2024-05-02,0.06194399999999999,171.79629516601562,185.31916830374013,13.522873137724503
2024-05-03,0.10926394444444444,182.0724945068359,181.04984964293004,-1.0226448639058674
2024-05-06,0.04148399999999999,180.41441345214844,182.1420038655686,1.7275904134201596
2024-05-07,0.21330400000000002,181.0994873046875,181.5463043299869,0.4468170252993957
2024-05-08,-0.053125000000000006,181.4370880126953,181.2583498682501,-0.1787381444452194
2024-05-09,0.02128571428571428,183.2540283203125,183.83067066594327,0.5766423456307734
2024-05-10,0.24603000000000003,181.9913787841797,184.3675441223296,2.3761653381499173
2024-05-13,0.25308800000000004,185.2026824951172,186.42556271379905,1.2228802186818655
2024-05-14,-0.008000000000000007,186.3460235595703,186.82330307335107,0.4772795137807577
2024-05-15,0.28806666666666664,188.62283325195312,189.36847263644847,0.7456393844953482
2024-05-20,0.4341,189.93516540527344,189.98487181213304,0.04970640685959893
2024-05-21,0.02624,191.2375946044922,191.15806201805708,-0.07953258643510708
2024-05-23,0.44722,185.7992401123047,187.72800676525617,1.9287666529514809
2024-05-24,0.95575,188.88128662109375,190.40243380522855,1.5211471841348043
2024-05-28,0.6028,188.8912353515625,188.51345399670836,-0.377781354854136
2024-05-30,0.0712,190.1837158203125,190.33287039705309,0.1491545767405853
2024-05-31,0.12284000000000002,191.13818359375,191.7843976924141,0.6462140986641032
2024-06-04,0.0,193.2260284423828,194.269945311189,1.0439168688061784
2024-06-05,0.19619999999999999,194.7372283935547,194.55827933508485,-0.17894905846983988
2024-06-07,0.08585714285714285,195.7513427734375,195.76126603853865,0.009923265101150491
2024-06-10,0.189496,192.0031280517578,192.53005531977516,0.5269272680173458
2024-06-11,0.24808,205.9519805908203,206.1707358379729,0.2187552471525862
2024-06-12,0.195108,211.83778381347656,213.49810017257707,1.6603163591005057
2024-06-13,0.05929999999999999,213.00099182128903,212.61325905037393,-0.3877327709151075
2024-06-14,0.25977272727272727,211.26112365722656,212.13601299934345,0.8748893421168873
2024-06-17,-0.22245,215.41693115234375,216.3316233309755,0.9146921786317534
2024-06-18,0.2720565217391304,213.0507049560547,212.6927670816265,-0.35793787442818825
2024-06-20,0.5587714285714286,208.46734619140625,209.17326157128963,0.705915379883379
2024-06-21,0.12660257575757575,206.2900390625,206.51869484312465,0.2286557806246492
2024-06-25,0.2936666666666667,207.86090087890625,210.2768443064002,2.415943427493943
2024-06-26,0.17114,212.0167236328125,213.4484006592916,1.4316770264790932
2024-06-27,0.13172,212.86181640625,214.5221416113415,1.6603252050915103
2024-06-28,0.17922579365079364,209.40191650390625,210.86340670792907,1.461490204022823
2024-07-01,0.39410000000000006,215.4964599609375,214.89995598050683,-0.5965039804306684
2024-07-02,0.124275,218.9961395263672,218.72769869983824,-0.26844082652894485
2024-07-03,0.41969999999999996,220.26873779296875,220.36812707547224,0.09938928250349477
2024-07-05,0.303376,225.031005859375,225.77666754871936,0.7456616893443595
2024-07-08,0.13106399999999999,226.50245666503903,226.61178991769697,0.10933325265793314
2024-07-09,0.08621666666666666,227.35745239257812,227.9739037781008,0.6164513855226801
2024-07-10,0.14958,231.6326141357422,230.0518062316796,-1.5808079040625955
2024-07-11,0.191552,226.25390625,227.59609977127653,1.3421935212765277
2024-07-12,0.19338666666666668,229.20672607421875,235.11237576276483,5.905649688546077
2024-07-15,0.1884,233.04440307617188,233.64092682357537,0.596523747403495
2024-07-16,0.9126,233.46197509765625,228.12301581337556,-5.3389592842806906
2024-07-17,0.18820399999999998,227.5563201904297,228.94822726389444,1.3919070734647505
2024-07-18,0.3869666666666667,222.8834991455078,223.5198165983548,0.6363174528469813
2024-07-19,0.28822745098039215,223.01275634765625,225.69712847330965,2.684372125653397
2024-07-22,0.10805714285714287,222.6647796630859,223.07241159149987,0.4076319284139629
2024-07-23,0.2463,223.70870971679688,222.70455320631825,-1.004156510478623
2024-07-24,-0.05983999999999999,217.276123046875,217.663867640833,0.38774459395799
2024-07-25,-0.03614999999999999,216.23220825195312,217.4352041073067,1.2029958553535778
2024-07-26,0.05971666666666666,216.69949340820312,215.7052633263403,-0.9942300818628382
2024-07-29,0.1668,216.9778594970703,217.92236610782675,0.9445066107564344
2024-07-30,0.429725,217.5346221923828,220.1593561933901,2.6247340010072833
2024-08-01,0.17599473684210523,217.09716796875,217.88258518105536,0.7854172123053615
2024-08-02,-0.04435166666666668,218.58848571777344,197.93858949976783,-20.64989621800561
2024-08-06,0.026600000000000013,206.03152465820312,205.703426053809,-0.3280986043941141
2024-08-07,-0.01924166666666668,208.60655212402344,211.87752992550045,3.2709778014770166
2024-08-08,-0.36755,212.0763702392578,210.8733691090516,-1.2030011302062178
2024-08-09,0.0516,214.9894256591797,215.0690650325273,0.07963937334761795
2024-08-12,0.11567499999999999,216.5222930908203,217.9954546002453,1.4731615094249833
2024-08-13,0.189448,220.2449951171875,219.54820460737923,-0.6967905098082667
2024-08-14,0.210508,220.69287109375,223.55954635601313,2.8666752622631293
2024-08-15,0.29044800000000004,223.67898559570312,222.88270038911833,-0.7962852065847983
2024-08-16,0.17028,225.0028381347656,224.6743714872065,-0.3284666475590825
2024-08-19,0.07822399999999999,224.8435821533203,224.72413110884565,-0.11945104447465837
2024-08-20,0.17500000000000002,225.460693359375,225.4706659840429,0.009972624667909713
2024-08-21,0.242244,225.35121154785156,226.73474533285912,1.3835337850075575
2024-08-22,0.24931363636363635,223.48985290527344,224.61464290366072,1.1247899983872856
2024-08-23,0.057909333333333333,225.78916931152344,225.70952621277567,-0.07964309874776632
2024-08-26,0.254192,226.12757873535156,224.95305327681544,-1.1745254585361238
2024-08-27,0.053515999999999994,226.97364807128903,226.86416416696267,-0.10948390432636756
2024-08-28,0.102484,225.4407958984375,229.03408635152135,3.5932904530838528
2024-08-29,0.321772,228.7255096435547,229.123652992766,0.398143349211324
2024-08-30,0.17218740740740737,227.9391632080078,227.4912604304481,-0.44790277755970465
2024-09-03,0.108608,221.738037109375,220.63318011937469,-1.1048569900003145
2024-09-04,0.24695,219.82693481445312,220.60332780966417,0.7763929952110402
2024-09-05,0.305996,221.349853515625,222.91254804497817,1.5626945293531662
2024-09-06,0.16133333333333333,219.79705810546875,219.79707827698536,2.017151660993477e-05
2024-09-09,0.1666,219.88665771484375,217.905857501112,-1.9808002137317544
2024-09-10,0.310668,219.09034729003903,220.43410202901993,1.3437547389808913
2024-09-11,0.200644,221.6285400390625,221.46928361366915,-0.15925642539335172
2024-09-12,0.37165,221.738037109375,222.54426752163744,0.8062304122624369
2024-09-13,0.20637114845938373,221.46926879882812,215.53686848493908,-5.9324003138890475
2024-09-16,0.055576,215.31790161132812,214.75054527350213,-0.5673563378259985
2024-09-17,0.035332,215.7857208251953,216.54219508236315,0.756474257167838
2024-09-18,-0.042472,219.6676483154297,223.94775287051627,4.280104555086581
2024-09-19,0.25236000000000003,227.8097686767578,228.90468820559315,1.0949195288353337
2024-09-20,0.2544946666666667,227.14288330078125,226.2868480598011,-0.8560352409801624
2024-09-23,0.233904,225.42088317871097,227.59078065470555,2.1698974759945884
2024-09-24,0.126772,226.31671142578125,223.88800321688737,-2.4287082088938803
2024-09-25,0.227812,225.3213348388672,226.24705185494724,0.925717016080057
2024-09-26,0.313856,226.46603393554688,227.40166606122023,0.9356321256733509
2024-09-27,0.17329066666666668,226.73475646972656,228.97432934379907,2.2395728740725076
2024-09-30,0.18471600000000002,231.92062377929688,228.45675818805825,-3.46386559123863
2024-10-01,0.211225,225.16209411621097,224.84356992020335,-0.3185241960076155
2024-10-02,0.276248,225.7294464111328,224.09704443839323,-1.6324019727395864
2024-10-03,0.28870799999999996,224.6245880126953,226.8442543024003,2.219666289704975
2024-10-04,0.22657066666666667,225.74935913085935,223.4600360693569,-2.2893230615024436
2024-10-07,0.27010399999999996,220.66305541992188,223.26094483680063,2.5978894168787576
2024-10-08,0.045172,224.72413635253903,224.18665241253456,-0.5374839400044777
2024-10-09,0.028508,228.4766845703125,226.72481576308653,-1.751868807225975
2024-10-10,0.083324,227.97897338867188,228.2377886470439,0.25881525837203867
2024-10-11,0.14248533333333332,226.4958953857422,227.64055393917852,1.1446585534363294
2024-10-14,0.39927999999999997,230.228515625,232.527799450427,2.299283825427011
2024-10-15,0.23142400000000002,232.7666931152344,230.52713995218937,-2.2395531630450307
2024-10-16,0.066664,230.706298828125,232.348638945834,1.6423401177090113
2024-10-17,0.146396,231.07456970214844,235.0859033854084,4.011333683259949
2024-10-18,0.07355066666666667,233.911376953125,233.36392650842956,-0.5474504446954427
2024-10-21,0.170968,235.384521484375,232.80651969699693,-2.5780017873780707
2024-10-22,0.017216,234.76739501953125,232.99563706556216,-1.771757953969086
2024-10-23,0.31664,229.6910095214844,228.91461372105516,-0.776395800429242
2024-10-24,0.05260799999999998,229.50189208984375,228.6757355296476,-0.8261565601961536
2024-10-25,0.16570666666666667,230.33799743652344,232.23917058038825,1.9011731438648098
2024-10-28,0.253076,232.31878662109375,232.0201880523175,-0.29859856877624225
2024-10-29,0.178064,232.58753967285156,231.5324398883544,-1.0550997844971732
2024-10-30,0.040096,229.03407287597656,228.27758291037028,-0.7564899656062778
2024-10-31,0.28354,224.8634796142578,219.9463649274566,-4.917114686801199
2024-11-01,0.14716088888888887,221.87738037109375,219.96627293386248,-1.9111074372312657
2024-11-04,0.348184,220.9815368652344,220.7725208689619,-0.20901599627251244
2024-11-05,0.18812,222.4148712158203,221.578756649688,-0.8361145661323235
2024-11-06,0.012135999999999997,221.6882476806641,223.5894200604507,1.9011723797866011
2024-11-07,0.294452,226.42620849609375,226.366414165256,-0.059794330837746656
2024-11-08,0.154068,226.15716552734375,224.2040938441064,-1.95307168323734
2024-11-11,0.201296,223.4368133544922,223.75568869738083,0.3188753428886457
2024-11-12,0.361075,223.4368133544922,223.21759527142092,-0.21921808307126867
2024-11-13,0.20959565217391307,224.32366943359375,224.2240421118748,-0.09962732171894118
2024-11-14,0.32337200000000005,227.4127197265625,225.59912786989784,-1.813591856664658
2024-11-15,0.05992733333333333,224.20408630371097,224.45320372664565,0.2491174229346882
2024-11-18,0.20816800000000002,227.21340942382812,226.17708394083317,-1.036325482994954
2024-11-19,0.15277600000000002,227.4724884033203,227.25326410482543,-0.21922429849487912
2024-11-20,0.05950799999999999,228.18994140625,228.07036655131708,-0.11957485493292097
2024-11-21,-0.153644,227.71163940429688,227.2532593649619,-0.45838003933496907
2024-11-22,0.158969,229.05685424804688,230.64124862727573,1.5843943792288542
2024-11-25,0.174325,232.04624938964844,232.50462429580293,0.4583749061544893
2024-11-26,0.161156,234.22850036621097,233.640604190904,-0.5878961753069518
2024-11-27,0.062028571428571426,234.09896850585935,233.97938842310504,-0.11958008275431098
2024-11-29,0.2773813333333333,236.490478515625,236.4306920263062,-0.059786489318810254
2024-12-02,0.329916,238.7424774169922,238.96170621081689,0.21922879382469773
2024-12-03,0.23366399999999998,241.79165649414065,242.01088645785893,0.21922996371827708
2024-12-04,0.38583599999999996,242.150390625,243.12691898237583,0.9765283573758268
2024-12-05,0.3182,242.1802673339844,242.0507319698173,-0.1295353641671113
2024-12-06,0.19486037037037038,241.98097229003903,240.97455722335047,-1.006415066688561
2024-12-09,0.26529600000000003,245.8771514892578,246.0166626912396,0.1395112019817759
2024-12-10,0.266456,246.8935546875,247.0828737526952,0.1893190651952068
2024-12-11,0.5359166666666667,245.6180725097656,246.01666340683192,0.39859089706632744
2024-12-12,0.156908,247.0828857421875,246.9433725816478,-0.13951316053970686
2024-12-13,0.09914285714285713,247.2522735595703,247.1127635400456,-0.13951001952472097
2024-12-16,0.238044,250.15196228027344,249.1953766416157,-0.9565856386577423
2024-12-17,0.31098,252.58334350585935,251.26802371656945,-1.3153197892899016
2024-12-18,0.6910333333333334,247.1725616455078,246.6245097734382,-0.5480518720696068
2024-12-19,0.2740666666666667,248.90640258789065,247.16260139536695,-1.743801192523705
2024-12-20,0.22048930555555557,253.5897979736328,253.8688035675433,0.2790055939104832
2024-12-23,0.3643,254.36703491210935,254.5862615131284,0.21922660101904512
2024-12-24,0.17923913043478262,257.28668212890625,257.27667867815336,-0.01000345075289033
2024-12-26,0.28166399999999997,258.1037292480469,256.917949151404,-1.1857800966428726
2024-12-27,0.050958370370370376,254.68588256835935,251.33776924994547,-3.34811331841388
2024-12-30,0.6752199999999999,251.3078765869141,251.5470385357527,0.23916194883861408
2024-12-31,0.27205999999999997,249.5341796875,248.0494437119358,-1.484735975564206
2025-01-02,0.24727600000000002,242.9874267578125,242.49916076660156,-0.4882659912109375
2025-01-03,0.3221553623188406,242.49916076660156,243.4457849039297,0.9466241373281434
2025-01-06,0.254484,244.1333465576172,242.12049100282684,-2.012855554790349
2025-01-07,0.150876,241.3532257080078,241.06422159829904,-0.28900410970877033
2025-01-08,0.096052,241.84146118164065,239.16098682233465,-2.680474359306004
2025-01-10,0.19085199999999997,236.01217651367188,232.7039288898965,-3.3082476237753724
2025-01-13,0.538076,233.5708465576172,233.91960476413303,0.3487582065158392
2025-01-14,0.11773199999999999,232.45480346679688,233.80997931617492,1.3551758493780426
2025-01-15,0.45455199999999996,237.0285491943359,236.51041752509497,-0.5181316692409439
2025-01-16,0.10830400000000001,227.4525604248047,231.2989028272768,3.846342402472118
2025-01-17,0.18705333333333332,229.16647338867188,223.20762199269615,-5.958851395975728
2025-01-21,0.210748,221.85243225097656,219.0125058897086,-2.8399263612679704
2025-01-22,0.16790399999999997,223.03822326660156,223.94503224654224,0.9068089799406778
2025-01-23,0.28172,222.8688507080078,223.9848686181573,1.1160179101494805
2025-01-24,0.20872800000000002,221.991943359375,223.22755241503756,1.2356090556625645
2025-01-27,0.172592,229.04689025878903,230.03341371427896,0.9865234554899303
2025-01-28,0.261228,237.4171905517578,233.2918357915463,-4.125354760211508
2025-01-29,0.26642,238.5133056640625,237.825723654139,-0.6875820099234886
2025-01-30,0.3811,236.74954223632812,246.31561143302469,9.56606919669656
2025-01-31,0.2063342222222222,235.16519165039065,229.1764524471141,-5.988739203276566
2025-02-03,0.022768000000000007,227.2034454345703,226.44613087125,-0.7573145633203069
2025-02-04,0.217024,231.97650146484375,227.72160926815613,-4.254892196687621
2025-02-05,0.3480857142857143,231.64767456054688,230.47183871784503,-1.1758358427018436
2025-02-06,0.05023999999999999,232.39501953125,231.77720359418535,-0.6178159370646483
2025-02-07,0.583368,226.8247833251953,229.0094413336025,2.184658008407183
2025-02-10,0.08899599999999999,227.0941162109375,227.6427961872311,0.548679976293613
2025-02-11,0.1864,232.052001953125,230.63545743654387,-1.4165445165811263
2025-02-12,0.23927199999999998,236.29161071777344,236.33153226758247,0.03992154980903706
2025-02-13,0.043972,240.94024658203125,240.6609204580431,-0.2793261239881417
2025-02-14,0.28532812698412696,244.00274658203125,243.55383619329416,-0.4489103887370902
2025-02-18,0.10366800000000001,243.87306213378903,244.06260076305156,0.18953862926252896
2025-02-19,0.236872,244.27207946777344,244.34191013103748,0.06983066326404241
2025-02-20,0.24482399999999999,245.229736328125,245.34944139409683,0.11970506597182862
2025-02-21,0.3925488888888889,244.9504241943359,244.3319283268952,-0.6184958674407142
2025-02-24,0.13902777777777778,246.49664306640625,247.3944454522674,0.897802385861155
2025-02-25,0.304904,246.4367828369141,243.7333937698084,-2.7033890671056895
2025-02-26,0.32232,239.77308654785156,238.82541422357912,-0.9476723242724461
2025-02-27,0.269536,236.72056579589844,236.3714220145579,-0.3491437813405298
2025-02-28,0.27323577777777774,241.24948120117188,241.19958958341564,-0.049891617756230744
2025-03-03,0.236068,237.4487762451172,237.1295800554318,-0.31919618968538543
2025-03-04,0.24308800000000003,235.3539123535156,234.84515699420857,-0.5087553593070311
2025-03-05,0.2578,235.1643829345703,233.86756011302523,-1.2968228215450779
2025-03-06,0.239208,234.75538635253903,234.53591456798168,-0.2194717845573564
2025-03-07,0.141874,238.4862518310547,234.96486230654432,-3.5213895245103686
2025-03-10,0.20389600000000002,226.9245452880859,223.26351528828417,-3.661029999801741
2025-03-11,0.24684799999999998,220.30076599121097,219.60246770742089,-0.6982982837900806
2025-03-12,0.20397200000000001,216.45018005371097,215.4227092543014,-1.0274707994095706
2025-03-13,0.14856,209.1680145263672,210.7341834889886,1.5661689626214184
2025-03-14,0.22762314285714283,212.96871948242188,212.78914514941675,-0.17957433300512093
2025-03-17,0.045031999999999996,213.4774627685547,213.6370660568716,0.15960328831690163
2025-03-18,0.124552,212.170654296875,213.6969181399133,1.5262638430382935
2025-03-19,0.057623999999999995,214.7144317626953,213.46749271646212,-1.2469390462331944
2025-03-20,0.254472,213.5772247314453,211.04340788811464,-2.533816843330669
2025-03-21,0.23349866666666666,217.73703002929688,220.460369765545,2.7233397362481355
2025-03-24,0.276036,220.19102478027344,220.23093972638688,0.039914946113441374
2025-03-25,0.373604,223.2036590576172,222.96422035625233,-0.23943870136486112
2025-03-26,0.2257,220.9890594482422,220.84940592957577,-0.13965351866642095
2025-03-27,0.24586000000000002,223.30340576171875,221.12873402087155,-2.1746717408472023
2025-03-28,-0.004678666666666664,217.3679351806641,216.48010744476517,-0.8878277358989237
2025-03-31,0.273936,221.58761596679688,219.2732679074421,-2.314348059354785
2025-04-01,0.203024,222.64501953125,220.77959080525144,-1.8654287259985551
2025-04-02,-0.065424,223.3433074951172,205.03811566571247,-18.30519182940472
2025-04-03,-0.166888,202.69386291503903,193.4165691841804,-9.277293730858645
2025-04-04,0.13656000000000001,187.92002868652344,176.76731422169505,-11.152714464828392
2025-04-07,0.030632000000000006,181.0169219970703,186.244123618335,5.2272016212646975
2025-04-08,0.12034399999999999,171.99899291992188,171.53013119082922,-0.46886172909265156
2025-04-09,0.224632,198.3644561767578,188.6083530498886,-9.75610312686922
2025-04-10,0.120116,189.95504760742188,185.64558871717136,-4.309458890250511
2025-04-11,0.2607373333333333,197.66615295410156,210.9237150406947,13.25756208659314
2025-04-14,0.340924,202.02549743652344,201.36710824854455,-0.6583891879788837
2025-04-15,-0.025764000000000006,201.64642333984375,197.8756484915953,-3.7707748482484362
2025-04-16,-0.10278000000000001,193.7956390380859,196.71848747425943,2.922848436173524
2025-04-17,0.076288,196.4990234375,192.79807124065383,-3.700952196846174
2025-04-21,0.011223999999999996,192.68833923339844,195.64111763020085,2.9527783968024153
2025-04-22,0.228124,199.25228881835935,205.4970088747083,6.244720056348967
2025-04-23,0.335348,204.10043334960935,204.38970763388747,0.28927428427812174
2025-04-24,0.010599999999999997,207.8612060546875,205.86608387594285,-1.9951221787446514
2025-04-25,0.15422,208.76898193359375,209.48723454234343,0.7182526087496797
2025-04-28,0.182244,209.62689208984375,208.18042396697467,-1.4464681228690779
2025-04-29,0.33984400000000003,210.69427490234375,208.78894157113288,-1.9053333312108691
2025-04-30,0.061556,211.9811248779297,208.56948083895412,-3.4116440389755667
2025-05-01,0.186612,212.79913330078125,205.58677037884885,-7.212362921932396
2025-05-02,0.04798133333333333,204.8485870361328,202.6040848015313,-2.2445022346015264
2025-05-05,0.006959999999999995,198.40435791015625,197.72601327833053,-0.6783446318257234
2025-05-06,0.130068,198.0252685546875,198.6836658614824,0.6583973067949103
2025-05-07,0.12437200000000001,195.7707977294922,197.2372161152265,1.4664183857343005
2025-05-08,0.18331599999999998,197.00778198242188,198.51409591462888,1.5063139322070072
2025-05-09,0.08375333333333333,198.0452423095703,210.7308445260501,12.685602216479793
2025-05-12,0.20135999999999998,210.5510406494141,210.19144790738707,-0.35959274202701863
2025-05-13,0.16231600000000002,212.68861389160156,212.18917192393897,-0.49944196766259097
2025-05-14,0.271296,212.08929443359375,210.71086343228015,-1.3784310013136007
2025-05-15,0.08095600000000001,211.21029663085935,212.11926693678467,0.9089703059253225
2025-05-16,0.15156266666666668,211.0205078125,207.67431083672193,-3.3461969757780707
2025-05-19,0.18455200000000002,208.54331970214844,207.4345828831543,-1.1087368189941458
2025-05-20,0.24018,206.62550354003903,204.93741112479617,-1.6880924152428634
2025-05-21,0.243416,201.86090087890625,200.4824720941681,-1.378428784738162
2025-05-22,0.027332000000000002,201.13172912597656,193.4504526925712,-7.6812764334053725
2025-05-23,0.22153866666666666,195.04864501953125,198.07520901450675,3.026563994975504
2025-05-27,0.28578181818181814,199.98304748535156,200.36260025266836,0.3795527673167953
2025-05-28,0.10286000000000001,200.1927947998047,203.3492174371598,3.1564226373551207
2025-05-29,0.149784,199.72332763671875,199.14398126681596,-0.5793463699027939
2025-05-30,0.164032,200.622314453125,200.05295557621693,-0.5693588769080691
2025-06-02,0.16707999999999998,201.47134399414065,201.1217444882778,-0.34959950586284094
2025-06-03,0.15859600000000001,203.03956604003903,202.6799822074808,-0.35958383255822923
2025-06-04,-0.03283200000000001,202.590087890625,203.26931435006065,0.6792264594356539
2025-06-05,0.072776,200.4025726318359,202.76987228695745,2.367299655121542
2025-06-06,0.09887569230769232,203.68882751464844,204.15830357568728,0.4694760610388471
2025-06-09,0.10936,201.2216339111328,200.3726011094186,-0.8490328017142019
2025-06-10,0.143136,202.44024658203125,203.26930749599725,0.8290609139660035
2025-06-11,0.21998800000000002,198.55465698242188,198.85432303920933,0.2996660567874585
2025-06-12,0.3876,198.97418212890625,199.50357538920457,0.5293932602983205
2025-06-13,0.06135333333333332,196.227294921875,197.07634287373045,0.8490479518554537
2025-06-16,0.17534,198.195068359375,196.97644196425617,-1.2186263951188323
2025-06-17,0.285348,195.418212890625,195.71787336797544,0.299660477350443
2025-06-18,0.129608,196.35714721679688,198.01527480684123,1.6581275900443586
2025-06-20,0.29553466666666667,200.7721405029297,201.40143343464243,0.6292929317127403
2025-06-23,0.33218400000000003,201.2715759277344,202.36033429336192,1.0887583656275126
2025-06-24,-0.05135,200.07293701171875,201.2216365357081,1.148699523989336
2025-06-25,0.14778,201.33151245117188,201.20164572639828,-0.12986672477359207
2025-06-26,0.4329,200.7721405029297,201.66113009938155,0.8889895964518644
2025-06-27,0.262166,200.85205078125,201.7809871041056,0.9289363228556056
2025-06-30,0.021460000000000003,204.9374084472656,206.4357061767528,1.4982977294872057
2025-07-01,0.19672,207.58441162109375,208.6731759252599,1.0887643041661477
2025-07-02,0.14699600000000002,212.1991729736328,211.90950026104147,-0.2896727125913401
2025-07-07,0.27076,209.7119903564453,209.8618364392891,0.1498460828437942
2025-07-08,0.233076,209.7719268798828,209.2924745188519,-0.4794523610309227
2025-07-09,0.21698399999999998,210.9006500244141,210.27134950514616,-0.6293005192679288
2025-07-10,0.339164,212.1692047119141,210.33129628612951,-1.8379084257845761
2025-07-11,0.001706444444444441,210.92062377929688,209.69201166358403,-1.2286121157128491
2025-07-15,0.353388,208.8729553222656,210.06160887608695,1.1886535538213536
2025-07-16,0.28218000000000004,209.92176818847656,210.33130094399476,0.40953275551819956
2025-07-17,0.2039,209.78192138671875,210.63095139102305,0.8490300043042964
2025-07-18,0.017075000000000007,210.9405975341797,211.8595616297783,0.9189640955986249
2025-07-21,0.5048142857142858,212.23912048339844,212.89838571641525,0.6592652330168107
2025-07-22,0.3589307692307692,214.15695190429688,214.75626907170553,0.5993171674086568
2025-07-23,0.34692799999999996,213.9072265625,213.65751035981805,-0.24971620268195238
2025-07-24,0.25876,213.5176696777344,214.45660521718813,0.9389355394537233
2025-07-25,0.19076133333333334,213.63754272460935,213.78737619229815,0.1498334676888078
2025-07-28,0.07977200000000001,213.8073577880859,213.93719187335407,0.12983408526815765
2025-07-29,-0.0012599999999999944,211.0305023193359,211.65977882345743,0.6292765041215205
2025-07-30,0.155364,208.81301879882812,208.25365677749065,-0.5593620213374777
2025-07-31,0.29872,207.3347015380859,210.63095505795985,3.296253519873943
2025-08-01,0.1997253333333333,202.1505889892578,204.27816503495924,2.1275760457014314
2025-08-04,0.057940000000000005,203.11949157714844,203.1694082424696,0.04991666532114891
2025-08-05,0.073044,202.68995666503903,205.39689808550256,2.7069414204635223
2025-08-06,0.16994,213.0082550048828,218.63187314031333,5.623618135430519
2025-08-07,0.19243200000000002,219.7805633544922,220.57966572513484,0.7991023706426574
2025-08-08,0.22641066666666665,229.0900115966797,227.9199981689453,-1.170013427734375
2025-08-11,0.111436,227.17999267578125,228.0099945068359,0.8300018310546591
2025-08-12,0.13162142857142858,229.6499938964844,231.07000732421875,1.4200134277343466
2025-08-13,0.2298,233.3300018310547,234.05999755859375,0.7299957275390625
2025-08-14,0.21494,232.77999877929688,234.0,1.220001220703125
2025-08-15,0.16579272222222222,231.58999633789065,231.6999969482422,0.11000061035153408
2025-08-18,0.21764399999999998,230.88999938964844,231.27999877929688,0.3899993896484375
2025-08-19,-0.022537499999999995,230.55999755859375,229.97999572753903,-0.5800018310547159
2025-08-20,0.247864,226.0099945068359,226.27000427246097,0.26000976562505684
2025-08-21,0.028179999999999997,224.8999938964844,226.1699981689453,1.270004272460909
2025-08-22,0.022987999999999998,227.7599945068359,226.47999572753903,-1.279998779296875
2025-08-25,0.253168,227.16000366210935,226.8699951171875,-0.2900085449218466
2025-08-26,0.200852,229.30999755859375,228.61000061035156,-0.6999969482421875
2025-08-27,0.097348,230.4900054931641,230.82000732421875,0.3300018310546591
2025-08-28,0.35098,232.55999755859375,232.5099945068359,-0.05000305175784092
2025-08-29,0.24948,232.13999938964844,229.25,-2.8899993896484375
2025-09-02,0.223588,229.72000122070312,237.2100067138672,7.4900054931640625
2025-09-03,0.190236,238.47000122070312,238.4499969482422,-0.0200042724609375
2025-09-04,0.16064799999999999,239.77999877929688,240.0,0.220001220703125
2025-09-05,0.18025466666666667,239.69000244140625,239.3000030517578,-0.3899993896484375
2025-09-08,0.315952,237.8800048828125,237.0,-0.8800048828125
2025-09-09,0.2248,234.3500061035156,232.19000244140625,-2.1600036621093466
2025-09-10,0.126304,226.7899932861328,226.8800048828125,0.0900115966796875
2025-09-11,0.11066400000000001,230.02999877929688,229.22000122070312,-0.80999755859375
2025-09-12,0.24866533333333338,234.07000732421875,237.0,2.92999267578125
2025-09-15,0.027880000000000002,236.6999969482422,237.17999267578125,0.4799957275390625
2025-09-16,0.11782,238.1499938964844,238.97000122070312,0.8200073242187216
2025-09-17,0.188772,238.9900054931641,239.97000122070312,0.9799957275390341
2025-09-18,0.10644999999999999,237.8800048828125,241.22999572753903,3.349990844726534
2025-09-19,0.24164933333333335,245.5,248.3000030517578,2.8000030517578125
2025-09-22,0.31775200000000003,256.0799865722656,255.8800048828125,-0.199981689453125
2025-09-23,0.19800399999999999,254.42999267578125,255.22000122070312,0.790008544921875
2025-09-24,0.23615199999999997,252.30999755859375,253.2100067138672,0.9000091552734375
2025-09-25,0.11679600000000001,256.8699951171875,254.1000061035156,-2.7699890136719034
2025-09-26,0.157204,255.4600067138672,254.55999755859375,-0.9000091552734375
